mode,k,q,op,key_index,sample_index,nanoseconds
tensor_reference,8,37,keygen,0,0,308726
tensor_reference,8,37,keygen,0,1,308836
tensor_reference,8,37,keygen,0,2,329391
tensor_reference,8,37,keygen,0,3,306002
tensor_reference,8,37,keygen,0,4,312270
tensor_reference,8,37,keygen,0,5,315596
tensor_reference,8,37,keygen,0,6,308702
tensor_reference,8,37,keygen,0,7,311742
tensor_reference,8,37,keygen,0,8,311100
tensor_reference,8,37,keygen,0,9,307053
tensor_reference,8,37,keygen,0,10,318324
tensor_reference,8,37,keygen,0,11,323263
tensor_reference,8,37,keygen,0,12,306503
tensor_reference,8,37,keygen,0,13,298730
tensor_reference,8,37,keygen,0,14,302748
tensor_reference,8,37,keygen,0,15,304725
tensor_reference,8,37,keygen,0,16,311586
tensor_reference,8,37,keygen,0,17,304107
tensor_reference,8,37,keygen,0,18,301227
tensor_reference,8,37,keygen,0,19,297110
tensor_reference,8,37,keygen,1,0,305377
tensor_reference,8,37,keygen,1,1,299305
tensor_reference,8,37,keygen,1,2,298679
tensor_reference,8,37,keygen,1,3,309382
tensor_reference,8,37,keygen,1,4,294210
tensor_reference,8,37,keygen,1,5,318166
tensor_reference,8,37,keygen,1,6,299749
tensor_reference,8,37,keygen,1,7,308971
tensor_reference,8,37,keygen,1,8,293755
tensor_reference,8,37,keygen,1,9,287463
tensor_reference,8,37,keygen,1,10,290581
tensor_reference,8,37,keygen,1,11,286565
tensor_reference,8,37,keygen,1,12,296221
tensor_reference,8,37,keygen,1,13,289901
tensor_reference,8,37,keygen,1,14,289572
tensor_reference,8,37,keygen,1,15,294942
tensor_reference,8,37,keygen,1,16,292689
tensor_reference,8,37,keygen,1,17,294198
tensor_reference,8,37,keygen,1,18,290542
tensor_reference,8,37,keygen,1,19,291827
tensor_reference,8,37,keygen,2,0,302435
tensor_reference,8,37,keygen,2,1,294760
tensor_reference,8,37,keygen,2,2,292646
tensor_reference,8,37,keygen,2,3,292233
tensor_reference,8,37,keygen,2,4,289841
tensor_reference,8,37,keygen,2,5,302743
tensor_reference,8,37,keygen,2,6,287916
tensor_reference,8,37,keygen,2,7,282646
tensor_reference,8,37,keygen,2,8,284509
tensor_reference,8,37,keygen,2,9,278127
tensor_reference,8,37,keygen,2,10,281672
tensor_reference,8,37,keygen,2,11,281551
tensor_reference,8,37,keygen,2,12,298495
tensor_reference,8,37,keygen,2,13,280176
tensor_reference,8,37,keygen,2,14,275379
tensor_reference,8,37,keygen,2,15,285061
tensor_reference,8,37,keygen,2,16,284843
tensor_reference,8,37,keygen,2,17,286480
tensor_reference,8,37,keygen,2,18,282364
tensor_reference,8,37,keygen,2,19,281631
tensor_reference,8,37,sign,0,0,20296
tensor_reference,8,37,sign,0,1,18561
tensor_reference,8,37,sign,0,2,18421
tensor_reference,8,37,sign,0,3,18456
tensor_reference,8,37,sign,0,4,18547
tensor_reference,8,37,sign,0,5,18314
tensor_reference,8,37,sign,0,6,18480
tensor_reference,8,37,sign,0,7,18428
tensor_reference,8,37,sign,0,8,20253
tensor_reference,8,37,sign,0,9,18432
tensor_reference,8,37,sign,0,10,18534
tensor_reference,8,37,sign,0,11,18412
tensor_reference,8,37,sign,0,12,18412
tensor_reference,8,37,sign,0,13,18440
tensor_reference,8,37,sign,0,14,18359
tensor_reference,8,37,sign,0,15,18380
tensor_reference,8,37,sign,0,16,20240
tensor_reference,8,37,sign,0,17,18280
tensor_reference,8,37,sign,0,18,18330
tensor_reference,8,37,sign,0,19,18365
tensor_reference,8,37,sign,0,20,18433
tensor_reference,8,37,sign,0,21,18366
tensor_reference,8,37,sign,0,22,18300
tensor_reference,8,37,sign,0,23,18309
tensor_reference,8,37,sign,0,24,20048
tensor_reference,8,37,sign,0,25,18357
tensor_reference,8,37,sign,0,26,18260
tensor_reference,8,37,sign,0,27,18263
tensor_reference,8,37,sign,0,28,18416
tensor_reference,8,37,sign,0,29,18386
tensor_reference,8,37,sign,0,30,18355
tensor_reference,8,37,sign,0,31,18260
tensor_reference,8,37,sign,0,32,20226
tensor_reference,8,37,sign,0,33,18500
tensor_reference,8,37,sign,0,34,18334
tensor_reference,8,37,sign,0,35,18374
tensor_reference,8,37,sign,0,36,18297
tensor_reference,8,37,sign,0,37,18317
tensor_reference,8,37,sign,0,38,18498
tensor_reference,8,37,sign,0,39,18363
tensor_reference,8,37,sign,1,0,18343
tensor_reference,8,37,sign,1,1,18439
tensor_reference,8,37,sign,1,2,18388
tensor_reference,8,37,sign,1,3,20645
tensor_reference,8,37,sign,1,4,18386
tensor_reference,8,37,sign,1,5,18344
tensor_reference,8,37,sign,1,6,18361
tensor_reference,8,37,sign,1,7,18274
tensor_reference,8,37,sign,1,8,18278
tensor_reference,8,37,sign,1,9,18280
tensor_reference,8,37,sign,1,10,18282
tensor_reference,8,37,sign,1,11,20194
tensor_reference,8,37,sign,1,12,18403
tensor_reference,8,37,sign,1,13,18301
tensor_reference,8,37,sign,1,14,18367
tensor_reference,8,37,sign,1,15,18303
tensor_reference,8,37,sign,1,16,18265
tensor_reference,8,37,sign,1,17,18330
tensor_reference,8,37,sign,1,18,18341
tensor_reference,8,37,sign,1,19,20231
tensor_reference,8,37,sign,1,20,18346
tensor_reference,8,37,sign,1,21,18295
tensor_reference,8,37,sign,1,22,18333
tensor_reference,8,37,sign,1,23,18274
tensor_reference,8,37,sign,1,24,18403
tensor_reference,8,37,sign,1,25,18237
tensor_reference,8,37,sign,1,26,18318
tensor_reference,8,37,sign,1,27,20111
tensor_reference,8,37,sign,1,28,18251
tensor_reference,8,37,sign,1,29,18376
tensor_reference,8,37,sign,1,30,18328
tensor_reference,8,37,sign,1,31,18362
tensor_reference,8,37,sign,1,32,18340
tensor_reference,8,37,sign,1,33,18355
tensor_reference,8,37,sign,1,34,18341
tensor_reference,8,37,sign,1,35,20153
tensor_reference,8,37,sign,1,36,18240
tensor_reference,8,37,sign,1,37,18417
tensor_reference,8,37,sign,1,38,18413
tensor_reference,8,37,sign,1,39,18332
tensor_reference,8,37,sign,2,0,18384
tensor_reference,8,37,sign,2,1,18424
tensor_reference,8,37,sign,2,2,18376
tensor_reference,8,37,sign,2,3,18420
tensor_reference,8,37,sign,2,4,18296
tensor_reference,8,37,sign,2,5,21208
tensor_reference,8,37,sign,2,6,20105
tensor_reference,8,37,sign,2,7,18300
tensor_reference,8,37,sign,2,8,18309
tensor_reference,8,37,sign,2,9,18384
tensor_reference,8,37,sign,2,10,18422
tensor_reference,8,37,sign,2,11,18303
tensor_reference,8,37,sign,2,12,18444
tensor_reference,8,37,sign,2,13,18299
tensor_reference,8,37,sign,2,14,20090
tensor_reference,8,37,sign,2,15,18523
tensor_reference,8,37,sign,2,16,18342
tensor_reference,8,37,sign,2,17,18363
tensor_reference,8,37,sign,2,18,18316
tensor_reference,8,37,sign,2,19,18371
tensor_reference,8,37,sign,2,20,18512
tensor_reference,8,37,sign,2,21,18407
tensor_reference,8,37,sign,2,22,20214
tensor_reference,8,37,sign,2,23,18287
tensor_reference,8,37,sign,2,24,18244
tensor_reference,8,37,sign,2,25,18342
tensor_reference,8,37,sign,2,26,18275
tensor_reference,8,37,sign,2,27,18372
tensor_reference,8,37,sign,2,28,18368
tensor_reference,8,37,sign,2,29,18305
tensor_reference,8,37,sign,2,30,20125
tensor_reference,8,37,sign,2,31,18318
tensor_reference,8,37,sign,2,32,18291
tensor_reference,8,37,sign,2,33,18360
tensor_reference,8,37,sign,2,34,18366
tensor_reference,8,37,sign,2,35,18340
tensor_reference,8,37,sign,2,36,18314
tensor_reference,8,37,sign,2,37,18280
tensor_reference,8,37,sign,2,38,20054
tensor_reference,8,37,sign,2,39,18320
tensor_reference,8,37,verify,0,0,21227
tensor_reference,8,37,verify,0,1,21411
tensor_reference,8,37,verify,0,2,21341
tensor_reference,8,37,verify,0,3,21420
tensor_reference,8,37,verify,0,4,21372
tensor_reference,8,37,verify,0,5,21393
tensor_reference,8,37,verify,0,6,21351
tensor_reference,8,37,verify,0,7,21337
tensor_reference,8,37,verify,0,8,20259
tensor_reference,8,37,verify,0,9,21388
tensor_reference,8,37,verify,0,10,21336
tensor_reference,8,37,verify,0,11,21366
tensor_reference,8,37,verify,0,12,20247
tensor_reference,8,37,verify,0,13,21346
tensor_reference,8,37,verify,0,14,21329
tensor_reference,8,37,verify,0,15,20177
tensor_reference,8,37,verify,0,16,21346
tensor_reference,8,37,verify,0,17,21312
tensor_reference,8,37,verify,0,18,21376
tensor_reference,8,37,verify,0,19,21312
tensor_reference,8,37,verify,0,20,21317
tensor_reference,8,37,verify,0,21,21352
tensor_reference,8,37,verify,0,22,22913
tensor_reference,8,37,verify,0,23,21324
tensor_reference,8,37,verify,0,24,21350
tensor_reference,8,37,verify,0,25,21324
tensor_reference,8,37,verify,0,26,18990
tensor_reference,8,37,verify,0,27,21460
tensor_reference,8,37,verify,0,28,20164
tensor_reference,8,37,verify,0,29,21434
tensor_reference,8,37,verify,0,30,21411
tensor_reference,8,37,verify,0,31,20154
tensor_reference,8,37,verify,0,32,21354
tensor_reference,8,37,verify,0,33,21386
tensor_reference,8,37,verify,0,34,21349
tensor_reference,8,37,verify,0,35,21354
tensor_reference,8,37,verify,0,36,21398
tensor_reference,8,37,verify,0,37,21374
tensor_reference,8,37,verify,0,38,21287
tensor_reference,8,37,verify,0,39,21399
tensor_reference,8,37,verify,1,0,21217
tensor_reference,8,37,verify,1,1,21423
tensor_reference,8,37,verify,1,2,21404
tensor_reference,8,37,verify,1,3,20205
tensor_reference,8,37,verify,1,4,21336
tensor_reference,8,37,verify,1,5,20179
tensor_reference,8,37,verify,1,6,20124
tensor_reference,8,37,verify,1,7,21395
tensor_reference,8,37,verify,1,8,21377
tensor_reference,8,37,verify,1,9,21336
tensor_reference,8,37,verify,1,10,21381
tensor_reference,8,37,verify,1,11,21269
tensor_reference,8,37,verify,1,12,21335
tensor_reference,8,37,verify,1,13,21346
tensor_reference,8,37,verify,1,14,21355
tensor_reference,8,37,verify,1,15,21331
tensor_reference,8,37,verify,1,16,21283
tensor_reference,8,37,verify,1,17,21363
tensor_reference,8,37,verify,1,18,21375
tensor_reference,8,37,verify,1,19,20248
tensor_reference,8,37,verify,1,20,20230
tensor_reference,8,37,verify,1,21,21332
tensor_reference,8,37,verify,1,22,20107
tensor_reference,8,37,verify,1,23,34051
tensor_reference,8,37,verify,1,24,20778
tensor_reference,8,37,verify,1,25,20798
tensor_reference,8,37,verify,1,26,20718
tensor_reference,8,37,verify,1,27,18504
tensor_reference,8,37,verify,1,28,19550
tensor_reference,8,37,verify,1,29,20842
tensor_reference,8,37,verify,1,30,20726
tensor_reference,8,37,verify,1,31,20715
tensor_reference,8,37,verify,1,32,19612
tensor_reference,8,37,verify,1,33,19635
tensor_reference,8,37,verify,1,34,20755
tensor_reference,8,37,verify,1,35,22967
tensor_reference,8,37,verify,1,36,20758
tensor_reference,8,37,verify,1,37,20793
tensor_reference,8,37,verify,1,38,20834
tensor_reference,8,37,verify,1,39,20796
tensor_reference,8,37,verify,2,0,20153
tensor_reference,8,37,verify,2,1,20310
tensor_reference,8,37,verify,2,2,22120
tensor_reference,8,37,verify,2,3,20407
tensor_reference,8,37,verify,2,4,20227
tensor_reference,8,37,verify,2,5,20296
tensor_reference,8,37,verify,2,6,20298
tensor_reference,8,37,verify,2,7,20305
tensor_reference,8,37,verify,2,8,20303
tensor_reference,8,37,verify,2,9,20240
tensor_reference,8,37,verify,2,10,20374
tensor_reference,8,37,verify,2,11,20249
tensor_reference,8,37,verify,2,12,19132
tensor_reference,8,37,verify,2,13,20328
tensor_reference,8,37,verify,2,14,20290
tensor_reference,8,37,verify,2,15,20238
tensor_reference,8,37,verify,2,16,20285
tensor_reference,8,37,verify,2,17,19149
tensor_reference,8,37,verify,2,18,20334
tensor_reference,8,37,verify,2,19,20219
tensor_reference,8,37,verify,2,20,20223
tensor_reference,8,37,verify,2,21,19172
tensor_reference,8,37,verify,2,22,19165
tensor_reference,8,37,verify,2,23,20204
tensor_reference,8,37,verify,2,24,20278
tensor_reference,8,37,verify,2,25,20174
tensor_reference,8,37,verify,2,26,20230
tensor_reference,8,37,verify,2,27,20207
tensor_reference,8,37,verify,2,28,20237
tensor_reference,8,37,verify,2,29,20271
tensor_reference,8,37,verify,2,30,19123
tensor_reference,8,37,verify,2,31,20184
tensor_reference,8,37,verify,2,32,18045
tensor_reference,8,37,verify,2,33,19125
tensor_reference,8,37,verify,2,34,20289
tensor_reference,8,37,verify,2,35,20284
tensor_reference,8,37,verify,2,36,20241
tensor_reference,8,37,verify,2,37,20305
tensor_reference,8,37,verify,2,38,20366
tensor_reference,8,37,verify,2,39,32588
tensor_reference,16,67,keygen,0,0,2717834
tensor_reference,16,67,keygen,0,1,2702267
tensor_reference,16,67,keygen,0,2,2645167
tensor_reference,16,67,keygen,0,3,2591401
tensor_reference,16,67,keygen,0,4,2596984
tensor_reference,16,67,keygen,0,5,2628385
tensor_reference,16,67,keygen,0,6,2608313
tensor_reference,16,67,keygen,0,7,2633757
tensor_reference,16,67,keygen,0,8,2636868
tensor_reference,16,67,keygen,0,9,2622887
tensor_reference,16,67,keygen,0,10,2661018
tensor_reference,16,67,keygen,0,11,2670242
tensor_reference,16,67,keygen,0,12,2649738
tensor_reference,16,67,keygen,0,13,2727911
tensor_reference,16,67,keygen,0,14,2680433
tensor_reference,16,67,keygen,0,15,2681472
tensor_reference,16,67,keygen,0,16,2723563
tensor_reference,16,67,keygen,0,17,2660887
tensor_reference,16,67,keygen,0,18,2638170
tensor_reference,16,67,keygen,0,19,2631352
tensor_reference,16,67,keygen,1,0,2635010
tensor_reference,16,67,keygen,1,1,2566216
tensor_reference,16,67,keygen,1,2,2617253
tensor_reference,16,67,keygen,1,3,2635588
tensor_reference,16,67,keygen,1,4,2550101
tensor_reference,16,67,keygen,1,5,2551545
tensor_reference,16,67,keygen,1,6,2556433
tensor_reference,16,67,keygen,1,7,2735590
tensor_reference,16,67,keygen,1,8,2632158
tensor_reference,16,67,keygen,1,9,2563057
tensor_reference,16,67,keygen,1,10,2548872
tensor_reference,16,67,keygen,1,11,2602702
tensor_reference,16,67,keygen,1,12,2636615
tensor_reference,16,67,keygen,1,13,2629852
tensor_reference,16,67,keygen,1,14,2568581
tensor_reference,16,67,keygen,1,15,2560028
tensor_reference,16,67,keygen,1,16,2560863
tensor_reference,16,67,keygen,1,17,2629024
tensor_reference,16,67,keygen,1,18,2657456
tensor_reference,16,67,keygen,1,19,2659783
tensor_reference,16,67,keygen,2,0,2638631
tensor_reference,16,67,keygen,2,1,2646681
tensor_reference,16,67,keygen,2,2,2636604
tensor_reference,16,67,keygen,2,3,2635539
tensor_reference,16,67,keygen,2,4,2598262
tensor_reference,16,67,keygen,2,5,2625840
tensor_reference,16,67,keygen,2,6,2622020
tensor_reference,16,67,keygen,2,7,2586482
tensor_reference,16,67,keygen,2,8,2640991
tensor_reference,16,67,keygen,2,9,2628610
tensor_reference,16,67,keygen,2,10,2653591
tensor_reference,16,67,keygen,2,11,2661299
tensor_reference,16,67,keygen,2,12,2628852
tensor_reference,16,67,keygen,2,13,2646900
tensor_reference,16,67,keygen,2,14,2652642
tensor_reference,16,67,keygen,2,15,2682417
tensor_reference,16,67,keygen,2,16,2746957
tensor_reference,16,67,keygen,2,17,2739575
tensor_reference,16,67,keygen,2,18,2826240
tensor_reference,16,67,keygen,2,19,2731752
tensor_reference,16,67,sign,0,0,32059
tensor_reference,16,67,sign,0,1,31774
tensor_reference,16,67,sign,0,2,32024
tensor_reference,16,67,sign,0,3,31815
tensor_reference,16,67,sign,0,4,31777
tensor_reference,16,67,sign,0,5,31607
tensor_reference,16,67,sign,0,6,33526
tensor_reference,16,67,sign,0,7,31888
tensor_reference,16,67,sign,0,8,31656
tensor_reference,16,67,sign,0,9,31718
tensor_reference,16,67,sign,0,10,31641
tensor_reference,16,67,sign,0,11,31794
tensor_reference,16,67,sign,0,12,31766
tensor_reference,16,67,sign,0,13,31741
tensor_reference,16,67,sign,0,14,33473
tensor_reference,16,67,sign,0,15,31647
tensor_reference,16,67,sign,0,16,31735
tensor_reference,16,67,sign,0,17,31783
tensor_reference,16,67,sign,0,18,31579
tensor_reference,16,67,sign,0,19,31613
tensor_reference,16,67,sign,0,20,31779
tensor_reference,16,67,sign,0,21,31710
tensor_reference,16,67,sign,0,22,33350
tensor_reference,16,67,sign,0,23,31679
tensor_reference,16,67,sign,0,24,31773
tensor_reference,16,67,sign,0,25,33816
tensor_reference,16,67,sign,0,26,31691
tensor_reference,16,67,sign,0,27,31676
tensor_reference,16,67,sign,0,28,31714
tensor_reference,16,67,sign,0,29,31811
tensor_reference,16,67,sign,0,30,33417
tensor_reference,16,67,sign,0,31,31779
tensor_reference,16,67,sign,0,32,31679
tensor_reference,16,67,sign,0,33,31635
tensor_reference,16,67,sign,0,34,31763
tensor_reference,16,67,sign,0,35,31737
tensor_reference,16,67,sign,0,36,31790
tensor_reference,16,67,sign,0,37,31717
tensor_reference,16,67,sign,0,38,33361
tensor_reference,16,67,sign,0,39,31714
tensor_reference,16,67,sign,1,0,31581
tensor_reference,16,67,sign,1,1,33515
tensor_reference,16,67,sign,1,2,31871
tensor_reference,16,67,sign,1,3,31746
tensor_reference,16,67,sign,1,4,31683
tensor_reference,16,67,sign,1,5,31748
tensor_reference,16,67,sign,1,6,31782
tensor_reference,16,67,sign,1,7,31779
tensor_reference,16,67,sign,1,8,31685
tensor_reference,16,67,sign,1,9,33557
tensor_reference,16,67,sign,1,10,31685
tensor_reference,16,67,sign,1,11,33138
tensor_reference,16,67,sign,1,12,31877
tensor_reference,16,67,sign,1,13,31689
tensor_reference,16,67,sign,1,14,32008
tensor_reference,16,67,sign,1,15,31700
tensor_reference,16,67,sign,1,16,31685
tensor_reference,16,67,sign,1,17,33286
tensor_reference,16,67,sign,1,18,31695
tensor_reference,16,67,sign,1,19,31595
tensor_reference,16,67,sign,1,20,31825
tensor_reference,16,67,sign,1,21,31894
tensor_reference,16,67,sign,1,22,31628
tensor_reference,16,67,sign,1,23,31584
tensor_reference,16,67,sign,1,24,31808
tensor_reference,16,67,sign,1,25,33282
tensor_reference,16,67,sign,1,26,31776
tensor_reference,16,67,sign,1,27,31735
tensor_reference,16,67,sign,1,28,31761
tensor_reference,16,67,sign,1,29,31639
tensor_reference,16,67,sign,1,30,31803
tensor_reference,16,67,sign,1,31,31731
tensor_reference,16,67,sign,1,32,31838
tensor_reference,16,67,sign,1,33,33519
tensor_reference,16,67,sign,1,34,31700
tensor_reference,16,67,sign,1,35,31729
tensor_reference,16,67,sign,1,36,31751
tensor_reference,16,67,sign,1,37,31707
tensor_reference,16,67,sign,1,38,31692
tensor_reference,16,67,sign,1,39,31806
tensor_reference,16,67,sign,2,0,31601
tensor_reference,16,67,sign,2,1,31912
tensor_reference,16,67,sign,2,2,31664
tensor_reference,16,67,sign,2,3,31728
tensor_reference,16,67,sign,2,4,33256
tensor_reference,16,67,sign,2,5,31758
tensor_reference,16,67,sign,2,6,31644
tensor_reference,16,67,sign,2,7,31867
tensor_reference,16,67,sign,2,8,31613
tensor_reference,16,67,sign,2,9,31649
tensor_reference,16,67,sign,2,10,31895
tensor_reference,16,67,sign,2,11,31619
tensor_reference,16,67,sign,2,12,33394
tensor_reference,16,67,sign,2,13,31727
tensor_reference,16,67,sign,2,14,31707
tensor_reference,16,67,sign,2,15,31731
tensor_reference,16,67,sign,2,16,31659
tensor_reference,16,67,sign,2,17,31716
tensor_reference,16,67,sign,2,18,31704
tensor_reference,16,67,sign,2,19,31758
tensor_reference,16,67,sign,2,20,33428
tensor_reference,16,67,sign,2,21,31643
tensor_reference,16,67,sign,2,22,31987
tensor_reference,16,67,sign,2,23,31741
tensor_reference,16,67,sign,2,24,31783
tensor_reference,16,67,sign,2,25,31605
tensor_reference,16,67,sign,2,26,31908
tensor_reference,16,67,sign,2,27,33151
tensor_reference,16,67,sign,2,28,33379
tensor_reference,16,67,sign,2,29,31672
tensor_reference,16,67,sign,2,30,31677
tensor_reference,16,67,sign,2,31,31690
tensor_reference,16,67,sign,2,32,31657
tensor_reference,16,67,sign,2,33,31599
tensor_reference,16,67,sign,2,34,31702
tensor_reference,16,67,sign,2,35,31849
tensor_reference,16,67,sign,2,36,33355
tensor_reference,16,67,sign,2,37,31727
tensor_reference,16,67,sign,2,38,31638
tensor_reference,16,67,sign,2,39,31574
tensor_reference,16,67,verify,0,0,66161
tensor_reference,16,67,verify,0,1,73514
tensor_reference,16,67,verify,0,2,73470
tensor_reference,16,67,verify,0,3,69746
tensor_reference,16,67,verify,0,4,73429
tensor_reference,16,67,verify,0,5,73413
tensor_reference,16,67,verify,0,6,73465
tensor_reference,16,67,verify,0,7,73554
tensor_reference,16,67,verify,0,8,73329
tensor_reference,16,67,verify,0,9,73480
tensor_reference,16,67,verify,0,10,73396
tensor_reference,16,67,verify,0,11,66063
tensor_reference,16,67,verify,0,12,69968
tensor_reference,16,67,verify,0,13,67204
tensor_reference,16,67,verify,0,14,73489
tensor_reference,16,67,verify,0,15,73440
tensor_reference,16,67,verify,0,16,73451
tensor_reference,16,67,verify,0,17,73721
tensor_reference,16,67,verify,0,18,73397
tensor_reference,16,67,verify,0,19,73441
tensor_reference,16,67,verify,0,20,73522
tensor_reference,16,67,verify,0,21,73452
tensor_reference,16,67,verify,0,22,73421
tensor_reference,16,67,verify,0,23,73409
tensor_reference,16,67,verify,0,24,73496
tensor_reference,16,67,verify,0,25,73416
tensor_reference,16,67,verify,0,26,73454
tensor_reference,16,67,verify,0,27,74953
tensor_reference,16,67,verify,0,28,70052
tensor_reference,16,67,verify,0,29,73427
tensor_reference,16,67,verify,0,30,73332
tensor_reference,16,67,verify,0,31,73410
tensor_reference,16,67,verify,0,32,73577
tensor_reference,16,67,verify,0,33,73433
tensor_reference,16,67,verify,0,34,70055
tensor_reference,16,67,verify,0,35,73464
tensor_reference,16,67,verify,0,36,73319
tensor_reference,16,67,verify,0,37,69779
tensor_reference,16,67,verify,0,38,73497
tensor_reference,16,67,verify,0,39,73363
tensor_reference,16,67,verify,1,0,73290
tensor_reference,16,67,verify,1,1,70202
tensor_reference,16,67,verify,1,2,73549
tensor_reference,16,67,verify,1,3,69885
tensor_reference,16,67,verify,1,4,73560
tensor_reference,16,67,verify,1,5,69693
tensor_reference,16,67,verify,1,6,74805
tensor_reference,16,67,verify,1,7,73389
tensor_reference,16,67,verify,1,8,73358
tensor_reference,16,67,verify,1,9,73468
tensor_reference,16,67,verify,1,10,73380
tensor_reference,16,67,verify,1,11,70104
tensor_reference,16,67,verify,1,12,73443
tensor_reference,16,67,verify,1,13,69541
tensor_reference,16,67,verify,1,14,73524
tensor_reference,16,67,verify,1,15,73504
tensor_reference,16,67,verify,1,16,73358
tensor_reference,16,67,verify,1,17,73462
tensor_reference,16,67,verify,1,18,73347
tensor_reference,16,67,verify,1,19,74866
tensor_reference,16,67,verify,1,20,73409
tensor_reference,16,67,verify,1,21,73408
tensor_reference,16,67,verify,1,22,73389
tensor_reference,16,67,verify,1,23,73442
tensor_reference,16,67,verify,1,24,73438
tensor_reference,16,67,verify,1,25,73434
tensor_reference,16,67,verify,1,26,73380
tensor_reference,16,67,verify,1,27,69944
tensor_reference,16,67,verify,1,28,70207
tensor_reference,16,67,verify,1,29,69438
tensor_reference,16,67,verify,1,30,73435
tensor_reference,16,67,verify,1,31,74389
tensor_reference,16,67,verify,1,32,103983
tensor_reference,16,67,verify,1,33,77788
tensor_reference,16,67,verify,1,34,90737
tensor_reference,16,67,verify,1,35,71550
tensor_reference,16,67,verify,1,36,72177
tensor_reference,16,67,verify,1,37,69620
tensor_reference,16,67,verify,1,38,73458
tensor_reference,16,67,verify,1,39,69634
tensor_reference,16,67,verify,2,0,73279
tensor_reference,16,67,verify,2,1,73400
tensor_reference,16,67,verify,2,2,73432
tensor_reference,16,67,verify,2,3,69758
tensor_reference,16,67,verify,2,4,73466
tensor_reference,16,67,verify,2,5,73540
tensor_reference,16,67,verify,2,6,73503
tensor_reference,16,67,verify,2,7,73600
tensor_reference,16,67,verify,2,8,86985
tensor_reference,16,67,verify,2,9,71486
tensor_reference,16,67,verify,2,10,75244
tensor_reference,16,67,verify,2,11,78059
tensor_reference,16,67,verify,2,12,71897
tensor_reference,16,67,verify,2,13,75303
tensor_reference,16,67,verify,2,14,71485
tensor_reference,16,67,verify,2,15,75211
tensor_reference,16,67,verify,2,16,75222
tensor_reference,16,67,verify,2,17,75218
tensor_reference,16,67,verify,2,18,75274
tensor_reference,16,67,verify,2,19,75436
tensor_reference,16,67,verify,2,20,71312
tensor_reference,16,67,verify,2,21,75384
tensor_reference,16,67,verify,2,22,75243
tensor_reference,16,67,verify,2,23,71267
tensor_reference,16,67,verify,2,24,77896
tensor_reference,16,67,verify,2,25,75338
tensor_reference,16,67,verify,2,26,75210
tensor_reference,16,67,verify,2,27,75223
tensor_reference,16,67,verify,2,28,75397
tensor_reference,16,67,verify,2,29,71833
tensor_reference,16,67,verify,2,30,75253
tensor_reference,16,67,verify,2,31,75199
tensor_reference,16,67,verify,2,32,75261
tensor_reference,16,67,verify,2,33,75222
tensor_reference,16,67,verify,2,34,87380
tensor_reference,16,67,verify,2,35,73415
tensor_reference,16,67,verify,2,36,73487
tensor_reference,16,67,verify,2,37,76058
tensor_reference,16,67,verify,2,38,73634
tensor_reference,16,67,verify,2,39,73496
tensor_reference,32,131,keygen,0,0,32692644
tensor_reference,32,131,keygen,0,1,32588234
tensor_reference,32,131,keygen,0,2,32752204
tensor_reference,32,131,keygen,0,3,33318538
tensor_reference,32,131,keygen,0,4,32726685
tensor_reference,32,131,keygen,0,5,32287131
tensor_reference,32,131,keygen,0,6,32733599
tensor_reference,32,131,keygen,0,7,32622064
tensor_reference,32,131,keygen,0,8,33193922
tensor_reference,32,131,keygen,0,9,32573432
tensor_reference,32,131,keygen,0,10,34029033
tensor_reference,32,131,keygen,0,11,32657141
tensor_reference,32,131,keygen,0,12,32431662
tensor_reference,32,131,keygen,0,13,32608203
tensor_reference,32,131,keygen,0,14,37995456
tensor_reference,32,131,keygen,0,15,36902026
tensor_reference,32,131,keygen,0,16,32064971
tensor_reference,32,131,keygen,0,17,32159245
tensor_reference,32,131,keygen,0,18,31625276
tensor_reference,32,131,keygen,0,19,33545439
tensor_reference,32,131,keygen,1,0,33676163
tensor_reference,32,131,keygen,1,1,32732531
tensor_reference,32,131,keygen,1,2,32623826
tensor_reference,32,131,keygen,1,3,32563146
tensor_reference,32,131,keygen,1,4,32541133
tensor_reference,32,131,keygen,1,5,32413005
tensor_reference,32,131,keygen,1,6,32967576
tensor_reference,32,131,keygen,1,7,33548194
tensor_reference,32,131,keygen,1,8,32577756
tensor_reference,32,131,keygen,1,9,32534707
tensor_reference,32,131,keygen,1,10,32925466
tensor_reference,32,131,keygen,1,11,34588597
tensor_reference,32,131,keygen,1,12,32721602
tensor_reference,32,131,keygen,1,13,32358724
tensor_reference,32,131,keygen,1,14,32982541
tensor_reference,32,131,keygen,1,15,33082907
tensor_reference,32,131,keygen,1,16,32642064
tensor_reference,32,131,keygen,1,17,32906044
tensor_reference,32,131,keygen,1,18,32589112
tensor_reference,32,131,keygen,1,19,33903589
tensor_reference,32,131,keygen,2,0,33254243
tensor_reference,32,131,keygen,2,1,33484917
tensor_reference,32,131,keygen,2,2,32979599
tensor_reference,32,131,keygen,2,3,32939072
tensor_reference,32,131,keygen,2,4,37918646
tensor_reference,32,131,keygen,2,5,38517328
tensor_reference,32,131,keygen,2,6,32596402
tensor_reference,32,131,keygen,2,7,32828593
tensor_reference,32,131,keygen,2,8,32558735
tensor_reference,32,131,keygen,2,9,32716892
tensor_reference,32,131,keygen,2,10,32488328
tensor_reference,32,131,keygen,2,11,32952879
tensor_reference,32,131,keygen,2,12,33109962
tensor_reference,32,131,keygen,2,13,33008787
tensor_reference,32,131,keygen,2,14,33021558
tensor_reference,32,131,keygen,2,15,32733879
tensor_reference,32,131,keygen,2,16,34945292
tensor_reference,32,131,keygen,2,17,33700305
tensor_reference,32,131,keygen,2,18,33180584
tensor_reference,32,131,keygen,2,19,32422524
tensor_reference,32,131,sign,0,0,84325
tensor_reference,32,131,sign,0,1,84946
tensor_reference,32,131,sign,0,2,82864
tensor_reference,32,131,sign,0,3,88746
tensor_reference,32,131,sign,0,4,83539
tensor_reference,32,131,sign,0,5,82958
tensor_reference,32,131,sign,0,6,83243
tensor_reference,32,131,sign,0,7,83059
tensor_reference,32,131,sign,0,8,82781
tensor_reference,32,131,sign,0,9,84695
tensor_reference,32,131,sign,0,10,82968
tensor_reference,32,131,sign,0,11,97000
tensor_reference,32,131,sign,0,12,80965
tensor_reference,32,131,sign,0,13,80811
tensor_reference,32,131,sign,0,14,82834
tensor_reference,32,131,sign,0,15,81043
tensor_reference,32,131,sign,0,16,80783
tensor_reference,32,131,sign,0,17,82575
tensor_reference,32,131,sign,0,18,80924
tensor_reference,32,131,sign,0,19,80956
tensor_reference,32,131,sign,0,20,80814
tensor_reference,32,131,sign,0,21,80917
tensor_reference,32,131,sign,0,22,80988
tensor_reference,32,131,sign,0,23,82429
tensor_reference,32,131,sign,0,24,80976
tensor_reference,32,131,sign,0,25,84443
tensor_reference,32,131,sign,0,26,80718
tensor_reference,32,131,sign,0,27,80992
tensor_reference,32,131,sign,0,28,80632
tensor_reference,32,131,sign,0,29,80864
tensor_reference,32,131,sign,0,30,81065
tensor_reference,32,131,sign,0,31,80952
tensor_reference,32,131,sign,0,32,80957
tensor_reference,32,131,sign,0,33,82709
tensor_reference,32,131,sign,0,34,80977
tensor_reference,32,131,sign,0,35,80815
tensor_reference,32,131,sign,0,36,82128
tensor_reference,32,131,sign,0,37,81359
tensor_reference,32,131,sign,0,38,81094
tensor_reference,32,131,sign,0,39,80986
tensor_reference,32,131,sign,1,0,80850
tensor_reference,32,131,sign,1,1,80695
tensor_reference,32,131,sign,1,2,80912
tensor_reference,32,131,sign,1,3,82742
tensor_reference,32,131,sign,1,4,82898
tensor_reference,32,131,sign,1,5,81017
tensor_reference,32,131,sign,1,6,80848
tensor_reference,32,131,sign,1,7,82623
tensor_reference,32,131,sign,1,8,81094
tensor_reference,32,131,sign,1,9,80899
tensor_reference,32,131,sign,1,10,80921
tensor_reference,32,131,sign,1,11,80805
tensor_reference,32,131,sign,1,12,82514
tensor_reference,32,131,sign,1,13,85369
tensor_reference,32,131,sign,1,14,81255
tensor_reference,32,131,sign,1,15,83588
tensor_reference,32,131,sign,1,16,81105
tensor_reference,32,131,sign,1,17,80906
tensor_reference,32,131,sign,1,18,81022
tensor_reference,32,131,sign,1,19,81044
tensor_reference,32,131,sign,1,20,82592
tensor_reference,32,131,sign,1,21,80889
tensor_reference,32,131,sign,1,22,80834
tensor_reference,32,131,sign,1,23,81002
tensor_reference,32,131,sign,1,24,80920
tensor_reference,32,131,sign,1,25,80685
tensor_reference,32,131,sign,1,26,80824
tensor_reference,32,131,sign,1,27,82245
tensor_reference,32,131,sign,1,28,82656
tensor_reference,32,131,sign,1,29,80778
tensor_reference,32,131,sign,1,30,81023
tensor_reference,32,131,sign,1,31,80915
tensor_reference,32,131,sign,1,32,80851
tensor_reference,32,131,sign,1,33,80875
tensor_reference,32,131,sign,1,34,80847
tensor_reference,32,131,sign,1,35,82466
tensor_reference,32,131,sign,1,36,82534
tensor_reference,32,131,sign,1,37,80720
tensor_reference,32,131,sign,1,38,81014
tensor_reference,32,131,sign,1,39,84137
tensor_reference,32,131,sign,2,0,80903
tensor_reference,32,131,sign,2,1,80941
tensor_reference,32,131,sign,2,2,80761
tensor_reference,32,131,sign,2,3,81009
tensor_reference,32,131,sign,2,4,80703
tensor_reference,32,131,sign,2,5,80714
tensor_reference,32,131,sign,2,6,84035
tensor_reference,32,131,sign,2,7,82485
tensor_reference,32,131,sign,2,8,80796
tensor_reference,32,131,sign,2,9,80867
tensor_reference,32,131,sign,2,10,80763
tensor_reference,32,131,sign,2,11,80868
tensor_reference,32,131,sign,2,12,80744
tensor_reference,32,131,sign,2,13,80887
tensor_reference,32,131,sign,2,14,80824
tensor_reference,32,131,sign,2,15,82441
tensor_reference,32,131,sign,2,16,80754
tensor_reference,32,131,sign,2,17,80866
tensor_reference,32,131,sign,2,18,80872
tensor_reference,32,131,sign,2,19,82263
tensor_reference,32,131,sign,2,20,80739
tensor_reference,32,131,sign,2,21,80722
tensor_reference,32,131,sign,2,22,80883
tensor_reference,32,131,sign,2,23,82507
tensor_reference,32,131,sign,2,24,80841
tensor_reference,32,131,sign,2,25,80999
tensor_reference,32,131,sign,2,26,80858
tensor_reference,32,131,sign,2,27,80844
tensor_reference,32,131,sign,2,28,80882
tensor_reference,32,131,sign,2,29,82664
tensor_reference,32,131,sign,2,30,80800
tensor_reference,32,131,sign,2,31,83773
tensor_reference,32,131,sign,2,32,81059
tensor_reference,32,131,sign,2,33,80910
tensor_reference,32,131,sign,2,34,81080
tensor_reference,32,131,sign,2,35,80812
tensor_reference,32,131,sign,2,36,81029
tensor_reference,32,131,sign,2,37,80956
tensor_reference,32,131,sign,2,38,81163
tensor_reference,32,131,sign,2,39,82543
tensor_reference,32,131,verify,0,0,530326
tensor_reference,32,131,verify,0,1,502600
tensor_reference,32,131,verify,0,2,458460
tensor_reference,32,131,verify,0,3,470140
tensor_reference,32,131,verify,0,4,468744
tensor_reference,32,131,verify,0,5,469511
tensor_reference,32,131,verify,0,6,466010
tensor_reference,32,131,verify,0,7,469005
tensor_reference,32,131,verify,0,8,453318
tensor_reference,32,131,verify,0,9,469099
tensor_reference,32,131,verify,0,10,466081
tensor_reference,32,131,verify,0,11,466193
tensor_reference,32,131,verify,0,12,459144
tensor_reference,32,131,verify,0,13,453147
tensor_reference,32,131,verify,0,14,468194
tensor_reference,32,131,verify,0,15,452096
tensor_reference,32,131,verify,0,16,469268
tensor_reference,32,131,verify,0,17,465987
tensor_reference,32,131,verify,0,18,454742
tensor_reference,32,131,verify,0,19,465865
tensor_reference,32,131,verify,0,20,467697
tensor_reference,32,131,verify,0,21,465877
tensor_reference,32,131,verify,0,22,454900
tensor_reference,32,131,verify,0,23,465870
tensor_reference,32,131,verify,0,24,486568
tensor_reference,32,131,verify,0,25,464578
tensor_reference,32,131,verify,0,26,477498
tensor_reference,32,131,verify,0,27,479198
tensor_reference,32,131,verify,0,28,477708
tensor_reference,32,131,verify,0,29,481725
tensor_reference,32,131,verify,0,30,464482
tensor_reference,32,131,verify,0,31,479270
tensor_reference,32,131,verify,0,32,477464
tensor_reference,32,131,verify,0,33,466003
tensor_reference,32,131,verify,0,34,517177
tensor_reference,32,131,verify,0,35,576096
tensor_reference,32,131,verify,0,36,559336
tensor_reference,32,131,verify,0,37,596391
tensor_reference,32,131,verify,0,38,593723
tensor_reference,32,131,verify,0,39,516570
tensor_reference,32,131,verify,1,0,506092
tensor_reference,32,131,verify,1,1,488476
tensor_reference,32,131,verify,1,2,490683
tensor_reference,32,131,verify,1,3,507045
tensor_reference,32,131,verify,1,4,497093
tensor_reference,32,131,verify,1,5,515514
tensor_reference,32,131,verify,1,6,499011
tensor_reference,32,131,verify,1,7,497047
tensor_reference,32,131,verify,1,8,490319
tensor_reference,32,131,verify,1,9,502694
tensor_reference,32,131,verify,1,10,476794
tensor_reference,32,131,verify,1,11,479562
tensor_reference,32,131,verify,1,12,489955
tensor_reference,32,131,verify,1,13,491660
tensor_reference,32,131,verify,1,14,490063
tensor_reference,32,131,verify,1,15,479792
tensor_reference,32,131,verify,1,16,462680
tensor_reference,32,131,verify,1,17,492460
tensor_reference,32,131,verify,1,18,531675
tensor_reference,32,131,verify,1,19,590510
tensor_reference,32,131,verify,1,20,597741
tensor_reference,32,131,verify,1,21,591079
tensor_reference,32,131,verify,1,22,593332
tensor_reference,32,131,verify,1,23,515277
tensor_reference,32,131,verify,1,24,495493
tensor_reference,32,131,verify,1,25,490487
tensor_reference,32,131,verify,1,26,478367
tensor_reference,32,131,verify,1,27,489765
tensor_reference,32,131,verify,1,28,492016
tensor_reference,32,131,verify,1,29,489942
tensor_reference,32,131,verify,1,30,493515
tensor_reference,32,131,verify,1,31,489879
tensor_reference,32,131,verify,1,32,478516
tensor_reference,32,131,verify,1,33,475852
tensor_reference,32,131,verify,1,34,491906
tensor_reference,32,131,verify,1,35,489907
tensor_reference,32,131,verify,1,36,478157
tensor_reference,32,131,verify,1,37,476384
tensor_reference,32,131,verify,1,38,498646
tensor_reference,32,131,verify,1,39,477492
tensor_reference,32,131,verify,2,0,452634
tensor_reference,32,131,verify,2,1,467412
tensor_reference,32,131,verify,2,2,453021
tensor_reference,32,131,verify,2,3,453945
tensor_reference,32,131,verify,2,4,481462
tensor_reference,32,131,verify,2,5,504147
tensor_reference,32,131,verify,2,6,468767
tensor_reference,32,131,verify,2,7,483510
tensor_reference,32,131,verify,2,8,480697
tensor_reference,32,131,verify,2,9,494606
tensor_reference,32,131,verify,2,10,492215
tensor_reference,32,131,verify,2,11,476136
tensor_reference,32,131,verify,2,12,491828
tensor_reference,32,131,verify,2,13,489562
tensor_reference,32,131,verify,2,14,491417
tensor_reference,32,131,verify,2,15,489691
tensor_reference,32,131,verify,2,16,491643
tensor_reference,32,131,verify,2,17,489550
tensor_reference,32,131,verify,2,18,491483
tensor_reference,32,131,verify,2,19,488023
tensor_reference,32,131,verify,2,20,479186
tensor_reference,32,131,verify,2,21,491285
tensor_reference,32,131,verify,2,22,491563
tensor_reference,32,131,verify,2,23,501297
tensor_reference,32,131,verify,2,24,479250
tensor_reference,32,131,verify,2,25,477205
tensor_reference,32,131,verify,2,26,478906
tensor_reference,32,131,verify,2,27,477290
tensor_reference,32,131,verify,2,28,502518
tensor_reference,32,131,verify,2,29,490097
tensor_reference,32,131,verify,2,30,493556
tensor_reference,32,131,verify,2,31,464536
tensor_reference,32,131,verify,2,32,501756
tensor_reference,32,131,verify,2,33,489786
tensor_reference,32,131,verify,2,34,478237
tensor_reference,32,131,verify,2,35,489836
tensor_reference,32,131,verify,2,36,496058
tensor_reference,32,131,verify,2,37,477339
tensor_reference,32,131,verify,2,38,495286
tensor_reference,32,131,verify,2,39,467793
tensor_reference,48,193,keygen,0,0,153079736
tensor_reference,48,193,keygen,0,1,151761529
tensor_reference,48,193,keygen,0,2,152183356
tensor_reference,48,193,keygen,0,3,151121410
tensor_reference,48,193,keygen,0,4,151175111
tensor_reference,48,193,keygen,0,5,158443326
tensor_reference,48,193,keygen,0,6,156871260
tensor_reference,48,193,keygen,0,7,158731145
tensor_reference,48,193,keygen,0,8,153139919
tensor_reference,48,193,keygen,0,9,151175683
tensor_reference,48,193,keygen,0,10,153727842
tensor_reference,48,193,keygen,0,11,154038299
tensor_reference,48,193,keygen,0,12,153780063
tensor_reference,48,193,keygen,0,13,159906394
tensor_reference,48,193,keygen,0,14,158744105
tensor_reference,48,193,keygen,0,15,151321657
tensor_reference,48,193,keygen,0,16,153982959
tensor_reference,48,193,keygen,0,17,156175333
tensor_reference,48,193,keygen,0,18,157464942
tensor_reference,48,193,keygen,0,19,154701994
tensor_reference,48,193,keygen,1,0,154479593
tensor_reference,48,193,keygen,1,1,152077642
tensor_reference,48,193,keygen,1,2,153070186
tensor_reference,48,193,keygen,1,3,152765066
tensor_reference,48,193,keygen,1,4,155210006
tensor_reference,48,193,keygen,1,5,153642858
tensor_reference,48,193,keygen,1,6,156997820
tensor_reference,48,193,keygen,1,7,150973651
tensor_reference,48,193,keygen,1,8,153151322
tensor_reference,48,193,keygen,1,9,151892435
tensor_reference,48,193,keygen,1,10,152309566
tensor_reference,48,193,keygen,1,11,154584836
tensor_reference,48,193,keygen,1,12,157845545
tensor_reference,48,193,keygen,1,13,156735507
tensor_reference,48,193,keygen,1,14,153368393
tensor_reference,48,193,keygen,1,15,154077183
tensor_reference,48,193,keygen,1,16,154057152
tensor_reference,48,193,keygen,1,17,156159185
tensor_reference,48,193,keygen,1,18,154650104
tensor_reference,48,193,keygen,1,19,163071065
tensor_reference,48,193,keygen,2,0,155003669
tensor_reference,48,193,keygen,2,1,156183873
tensor_reference,48,193,keygen,2,2,154641866
tensor_reference,48,193,keygen,2,3,153836223
tensor_reference,48,193,keygen,2,4,154261013
tensor_reference,48,193,keygen,2,5,155345454
tensor_reference,48,193,keygen,2,6,153512371
tensor_reference,48,193,keygen,2,7,156212022
tensor_reference,48,193,keygen,2,8,152553401
tensor_reference,48,193,keygen,2,9,153450556
tensor_reference,48,193,keygen,2,10,156432559
tensor_reference,48,193,keygen,2,11,178753883
tensor_reference,48,193,keygen,2,12,185687991
tensor_reference,48,193,keygen,2,13,172646070
tensor_reference,48,193,keygen,2,14,154011987
tensor_reference,48,193,keygen,2,15,153246026
tensor_reference,48,193,keygen,2,16,154911913
tensor_reference,48,193,keygen,2,17,154341512
tensor_reference,48,193,keygen,2,18,158758387
tensor_reference,48,193,keygen,2,19,153951594
tensor_reference,48,193,sign,0,0,173974
tensor_reference,48,193,sign,0,1,173404
tensor_reference,48,193,sign,0,2,173556
tensor_reference,48,193,sign,0,3,173588
tensor_reference,48,193,sign,0,4,175524
tensor_reference,48,193,sign,0,5,175319
tensor_reference,48,193,sign,0,6,173776
tensor_reference,48,193,sign,0,7,173488
tensor_reference,48,193,sign,0,8,173802
tensor_reference,48,193,sign,0,9,175997
tensor_reference,48,193,sign,0,10,185853
tensor_reference,48,193,sign,0,11,169663
tensor_reference,48,193,sign,0,12,170950
tensor_reference,48,193,sign,0,13,169415
tensor_reference,48,193,sign,0,14,169441
tensor_reference,48,193,sign,0,15,169003
tensor_reference,48,193,sign,0,16,173035
tensor_reference,48,193,sign,0,17,169187
tensor_reference,48,193,sign,0,18,169725
tensor_reference,48,193,sign,0,19,169083
tensor_reference,48,193,sign,0,20,171215
tensor_reference,48,193,sign,0,21,179747
tensor_reference,48,193,sign,0,22,166410
tensor_reference,48,193,sign,0,23,165036
tensor_reference,48,193,sign,0,24,165390
tensor_reference,48,193,sign,0,25,165162
tensor_reference,48,193,sign,0,26,165054
tensor_reference,48,193,sign,0,27,165176
tensor_reference,48,193,sign,0,28,168088
tensor_reference,48,193,sign,0,29,165402
tensor_reference,48,193,sign,0,30,165194
tensor_reference,48,193,sign,0,31,165155
tensor_reference,48,193,sign,0,32,165217
tensor_reference,48,193,sign,0,33,165370
tensor_reference,48,193,sign,0,34,166468
tensor_reference,48,193,sign,0,35,165183
tensor_reference,48,193,sign,0,36,166881
tensor_reference,48,193,sign,0,37,165142
tensor_reference,48,193,sign,0,38,165213
tensor_reference,48,193,sign,0,39,164971
tensor_reference,48,193,sign,1,0,165033
tensor_reference,48,193,sign,1,1,189823
tensor_reference,48,193,sign,1,2,165388
tensor_reference,48,193,sign,1,3,165148
tensor_reference,48,193,sign,1,4,165325
tensor_reference,48,193,sign,1,5,166068
tensor_reference,48,193,sign,1,6,165215
tensor_reference,48,193,sign,1,7,168974
tensor_reference,48,193,sign,1,8,165633
tensor_reference,48,193,sign,1,9,165352
tensor_reference,48,193,sign,1,10,165418
tensor_reference,48,193,sign,1,11,165048
tensor_reference,48,193,sign,1,12,165179
tensor_reference,48,193,sign,1,13,166623
tensor_reference,48,193,sign,1,14,165298
tensor_reference,48,193,sign,1,15,166872
tensor_reference,48,193,sign,1,16,165364
tensor_reference,48,193,sign,1,17,165223
tensor_reference,48,193,sign,1,18,165618
tensor_reference,48,193,sign,1,19,166644
tensor_reference,48,193,sign,1,20,165017
tensor_reference,48,193,sign,1,21,165430
tensor_reference,48,193,sign,1,22,165275
tensor_reference,48,193,sign,1,23,166752
tensor_reference,48,193,sign,1,24,165382
tensor_reference,48,193,sign,1,25,166844
tensor_reference,48,193,sign,1,26,165246
tensor_reference,48,193,sign,1,27,165282
tensor_reference,48,193,sign,1,28,165195
tensor_reference,48,193,sign,1,29,165270
tensor_reference,48,193,sign,1,30,165033
tensor_reference,48,193,sign,1,31,168441
tensor_reference,48,193,sign,1,32,165413
tensor_reference,48,193,sign,1,33,165118
tensor_reference,48,193,sign,1,34,165086
tensor_reference,48,193,sign,1,35,165030
tensor_reference,48,193,sign,1,36,165210
tensor_reference,48,193,sign,1,37,166648
tensor_reference,48,193,sign,1,38,165439
tensor_reference,48,193,sign,1,39,167025
tensor_reference,48,193,sign,2,0,165339
tensor_reference,48,193,sign,2,1,165275
tensor_reference,48,193,sign,2,2,166589
tensor_reference,48,193,sign,2,3,164893
tensor_reference,48,193,sign,2,4,166525
tensor_reference,48,193,sign,2,5,165103
tensor_reference,48,193,sign,2,6,165209
tensor_reference,48,193,sign,2,7,165342
tensor_reference,48,193,sign,2,8,165194
tensor_reference,48,193,sign,2,9,165423
tensor_reference,48,193,sign,2,10,168162
tensor_reference,48,193,sign,2,11,165116
tensor_reference,48,193,sign,2,12,165065
tensor_reference,48,193,sign,2,13,165073
tensor_reference,48,193,sign,2,14,165000
tensor_reference,48,193,sign,2,15,165267
tensor_reference,48,193,sign,2,16,167684
tensor_reference,48,193,sign,2,17,165251
tensor_reference,48,193,sign,2,18,166757
tensor_reference,48,193,sign,2,19,165358
tensor_reference,48,193,sign,2,20,165175
tensor_reference,48,193,sign,2,21,165321
tensor_reference,48,193,sign,2,22,167048
tensor_reference,48,193,sign,2,23,165260
tensor_reference,48,193,sign,2,24,164940
tensor_reference,48,193,sign,2,25,165187
tensor_reference,48,193,sign,2,26,166605
tensor_reference,48,193,sign,2,27,164978
tensor_reference,48,193,sign,2,28,166982
tensor_reference,48,193,sign,2,29,165317
tensor_reference,48,193,sign,2,30,165449
tensor_reference,48,193,sign,2,31,165397
tensor_reference,48,193,sign,2,32,165338
tensor_reference,48,193,sign,2,33,164944
tensor_reference,48,193,sign,2,34,168075
tensor_reference,48,193,sign,2,35,165315
tensor_reference,48,193,sign,2,36,165218
tensor_reference,48,193,sign,2,37,165008
tensor_reference,48,193,sign,2,38,165357
tensor_reference,48,193,sign,2,39,165252
tensor_reference,48,193,verify,0,0,1646920
tensor_reference,48,193,verify,0,1,1505738
tensor_reference,48,193,verify,0,2,1538115
tensor_reference,48,193,verify,0,3,1540981
tensor_reference,48,193,verify,0,4,1526606
tensor_reference,48,193,verify,0,5,1495092
tensor_reference,48,193,verify,0,6,1460147
tensor_reference,48,193,verify,0,7,1456734
tensor_reference,48,193,verify,0,8,1454610
tensor_reference,48,193,verify,0,9,1456654
tensor_reference,48,193,verify,0,10,1501439
tensor_reference,48,193,verify,0,11,1479351
tensor_reference,48,193,verify,0,12,1536978
tensor_reference,48,193,verify,0,13,1498010
tensor_reference,48,193,verify,0,14,1484530
tensor_reference,48,193,verify,0,15,1464963
tensor_reference,48,193,verify,0,16,1484548
tensor_reference,48,193,verify,0,17,1462948
tensor_reference,48,193,verify,0,18,1489938
tensor_reference,48,193,verify,0,19,1541394
tensor_reference,48,193,verify,0,20,1501086
tensor_reference,48,193,verify,0,21,1585595
tensor_reference,48,193,verify,0,22,1564925
tensor_reference,48,193,verify,0,23,1507401
tensor_reference,48,193,verify,0,24,1508296
tensor_reference,48,193,verify,0,25,1455557
tensor_reference,48,193,verify,0,26,1454256
tensor_reference,48,193,verify,0,27,1426987
tensor_reference,48,193,verify,0,28,1453557
tensor_reference,48,193,verify,0,29,1526322
tensor_reference,48,193,verify,0,30,1461229
tensor_reference,48,193,verify,0,31,1545184
tensor_reference,48,193,verify,0,32,1525708
tensor_reference,48,193,verify,0,33,1507088
tensor_reference,48,193,verify,0,34,1491740
tensor_reference,48,193,verify,0,35,1446474
tensor_reference,48,193,verify,0,36,1456807
tensor_reference,48,193,verify,0,37,1438669
tensor_reference,48,193,verify,0,38,1422852
tensor_reference,48,193,verify,0,39,1505017
tensor_reference,48,193,verify,1,0,1455588
tensor_reference,48,193,verify,1,1,1380395
tensor_reference,48,193,verify,1,2,1457536
tensor_reference,48,193,verify,1,3,1504524
tensor_reference,48,193,verify,1,4,1485525
tensor_reference,48,193,verify,1,5,1467345
tensor_reference,48,193,verify,1,6,1456356
tensor_reference,48,193,verify,1,7,1501301
tensor_reference,48,193,verify,1,8,1453770
tensor_reference,48,193,verify,1,9,1467555
tensor_reference,48,193,verify,1,10,1422233
tensor_reference,48,193,verify,1,11,1468936
tensor_reference,48,193,verify,1,12,1422813
tensor_reference,48,193,verify,1,13,1455491
tensor_reference,48,193,verify,1,14,1469183
tensor_reference,48,193,verify,1,15,1468251
tensor_reference,48,193,verify,1,16,1532183
tensor_reference,48,193,verify,1,17,1510382
tensor_reference,48,193,verify,1,18,1548913
tensor_reference,48,193,verify,1,19,1540884
tensor_reference,48,193,verify,1,20,1515601
tensor_reference,48,193,verify,1,21,1494093
tensor_reference,48,193,verify,1,22,1549094
tensor_reference,48,193,verify,1,23,1553465
tensor_reference,48,193,verify,1,24,1473171
tensor_reference,48,193,verify,1,25,1473099
tensor_reference,48,193,verify,1,26,1481844
tensor_reference,48,193,verify,1,27,1496266
tensor_reference,48,193,verify,1,28,1495847
tensor_reference,48,193,verify,1,29,1490342
tensor_reference,48,193,verify,1,30,1491909
tensor_reference,48,193,verify,1,31,1481575
tensor_reference,48,193,verify,1,32,1509741
tensor_reference,48,193,verify,1,33,1538444
tensor_reference,48,193,verify,1,34,1565195
tensor_reference,48,193,verify,1,35,1524469
tensor_reference,48,193,verify,1,36,1473058
tensor_reference,48,193,verify,1,37,1495557
tensor_reference,48,193,verify,1,38,1494197
tensor_reference,48,193,verify,1,39,1424618
tensor_reference,48,193,verify,2,0,1462960
tensor_reference,48,193,verify,2,1,1471253
tensor_reference,48,193,verify,2,2,1457198
tensor_reference,48,193,verify,2,3,1435883
tensor_reference,48,193,verify,2,4,1456214
tensor_reference,48,193,verify,2,5,1505319
tensor_reference,48,193,verify,2,6,1485523
tensor_reference,48,193,verify,2,7,1545248
tensor_reference,48,193,verify,2,8,1523865
tensor_reference,48,193,verify,2,9,1531113
tensor_reference,48,193,verify,2,10,1528051
tensor_reference,48,193,verify,2,11,1509983
tensor_reference,48,193,verify,2,12,1488737
tensor_reference,48,193,verify,2,13,1473958
tensor_reference,48,193,verify,2,14,1453815
tensor_reference,48,193,verify,2,15,1477909
tensor_reference,48,193,verify,2,16,1457444
tensor_reference,48,193,verify,2,17,1511520
tensor_reference,48,193,verify,2,18,1523040
tensor_reference,48,193,verify,2,19,1512599
tensor_reference,48,193,verify,2,20,1457503
tensor_reference,48,193,verify,2,21,1468624
tensor_reference,48,193,verify,2,22,1456106
tensor_reference,48,193,verify,2,23,1498382
tensor_reference,48,193,verify,2,24,1451779
tensor_reference,48,193,verify,2,25,1472267
tensor_reference,48,193,verify,2,26,1422308
tensor_reference,48,193,verify,2,27,1469763
tensor_reference,48,193,verify,2,28,1394345
tensor_reference,48,193,verify,2,29,1454224
tensor_reference,48,193,verify,2,30,1437138
tensor_reference,48,193,verify,2,31,1452623
tensor_reference,48,193,verify,2,32,1505177
tensor_reference,48,193,verify,2,33,1485468
tensor_reference,48,193,verify,2,34,1468713
tensor_reference,48,193,verify,2,35,1455149
tensor_reference,48,193,verify,2,36,1468949
tensor_reference,48,193,verify,2,37,1453004
tensor_reference,48,193,verify,2,38,1468896
tensor_reference,48,193,verify,2,39,1421244
chord_tensor,8,37,keygen,0,0,272292
chord_tensor,8,37,keygen,0,1,254977
chord_tensor,8,37,keygen,0,2,275170
chord_tensor,8,37,keygen,0,3,266832
chord_tensor,8,37,keygen,0,4,267198
chord_tensor,8,37,keygen,0,5,263376
chord_tensor,8,37,keygen,0,6,267006
chord_tensor,8,37,keygen,0,7,268566
chord_tensor,8,37,keygen,0,8,262249
chord_tensor,8,37,keygen,0,9,264580
chord_tensor,8,37,keygen,0,10,264347
chord_tensor,8,37,keygen,0,11,264651
chord_tensor,8,37,keygen,0,12,264985
chord_tensor,8,37,keygen,0,13,265949
chord_tensor,8,37,keygen,0,14,267120
chord_tensor,8,37,keygen,0,15,265480
chord_tensor,8,37,keygen,0,16,268822
chord_tensor,8,37,keygen,0,17,281587
chord_tensor,8,37,keygen,0,18,273082
chord_tensor,8,37,keygen,0,19,271780
chord_tensor,8,37,keygen,1,0,272510
chord_tensor,8,37,keygen,1,1,282623
chord_tensor,8,37,keygen,1,2,265981
chord_tensor,8,37,keygen,1,3,262988
chord_tensor,8,37,keygen,1,4,267770
chord_tensor,8,37,keygen,1,5,269967
chord_tensor,8,37,keygen,1,6,261846
chord_tensor,8,37,keygen,1,7,266131
chord_tensor,8,37,keygen,1,8,267434
chord_tensor,8,37,keygen,1,9,266711
chord_tensor,8,37,keygen,1,10,266227
chord_tensor,8,37,keygen,1,11,265038
chord_tensor,8,37,keygen,1,12,264764
chord_tensor,8,37,keygen,1,13,268378
chord_tensor,8,37,keygen,1,14,263394
chord_tensor,8,37,keygen,1,15,263451
chord_tensor,8,37,keygen,1,16,287436
chord_tensor,8,37,keygen,1,17,266217
chord_tensor,8,37,keygen,1,18,268001
chord_tensor,8,37,keygen,1,19,287586
chord_tensor,8,37,keygen,2,0,282345
chord_tensor,8,37,keygen,2,1,265267
chord_tensor,8,37,keygen,2,2,265238
chord_tensor,8,37,keygen,2,3,263387
chord_tensor,8,37,keygen,2,4,268700
chord_tensor,8,37,keygen,2,5,267377
chord_tensor,8,37,keygen,2,6,262786
chord_tensor,8,37,keygen,2,7,280418
chord_tensor,8,37,keygen,2,8,263532
chord_tensor,8,37,keygen,2,9,268243
chord_tensor,8,37,keygen,2,10,277198
chord_tensor,8,37,keygen,2,11,273993
chord_tensor,8,37,keygen,2,12,271062
chord_tensor,8,37,keygen,2,13,274479
chord_tensor,8,37,keygen,2,14,270200
chord_tensor,8,37,keygen,2,15,275675
chord_tensor,8,37,keygen,2,16,276046
chord_tensor,8,37,keygen,2,17,272094
chord_tensor,8,37,keygen,2,18,282813
chord_tensor,8,37,keygen,2,19,259542
chord_tensor,8,37,sign,0,0,16592
chord_tensor,8,37,sign,0,1,16557
chord_tensor,8,37,sign,0,2,16612
chord_tensor,8,37,sign,0,3,16700
chord_tensor,8,37,sign,0,4,16594
chord_tensor,8,37,sign,0,5,16773
chord_tensor,8,37,sign,0,6,16535
chord_tensor,8,37,sign,0,7,18399
chord_tensor,8,37,sign,0,8,16712
chord_tensor,8,37,sign,0,9,16615
chord_tensor,8,37,sign,0,10,16554
chord_tensor,8,37,sign,0,11,16601
chord_tensor,8,37,sign,0,12,16533
chord_tensor,8,37,sign,0,13,16600
chord_tensor,8,37,sign,0,14,16532
chord_tensor,8,37,sign,0,15,18164
chord_tensor,8,37,sign,0,16,16543
chord_tensor,8,37,sign,0,17,16653
chord_tensor,8,37,sign,0,18,16607
chord_tensor,8,37,sign,0,19,16605
chord_tensor,8,37,sign,0,20,16568
chord_tensor,8,37,sign,0,21,16584
chord_tensor,8,37,sign,0,22,16648
chord_tensor,8,37,sign,0,23,18143
chord_tensor,8,37,sign,0,24,16602
chord_tensor,8,37,sign,0,25,16554
chord_tensor,8,37,sign,0,26,16545
chord_tensor,8,37,sign,0,27,16563
chord_tensor,8,37,sign,0,28,16526
chord_tensor,8,37,sign,0,29,16469
chord_tensor,8,37,sign,0,30,16665
chord_tensor,8,37,sign,0,31,18150
chord_tensor,8,37,sign,0,32,29535
chord_tensor,8,37,sign,0,33,17057
chord_tensor,8,37,sign,0,34,19114
chord_tensor,8,37,sign,0,35,16940
chord_tensor,8,37,sign,0,36,16943
chord_tensor,8,37,sign,0,37,16926
chord_tensor,8,37,sign,0,38,17036
chord_tensor,8,37,sign,0,39,18663
chord_tensor,8,37,sign,1,0,16983
chord_tensor,8,37,sign,1,1,16931
chord_tensor,8,37,sign,1,2,18648
chord_tensor,8,37,sign,1,3,16996
chord_tensor,8,37,sign,1,4,16986
chord_tensor,8,37,sign,1,5,16936
chord_tensor,8,37,sign,1,6,16977
chord_tensor,8,37,sign,1,7,16952
chord_tensor,8,37,sign,1,8,16950
chord_tensor,8,37,sign,1,9,17010
chord_tensor,8,37,sign,1,10,18534
chord_tensor,8,37,sign,1,11,16988
chord_tensor,8,37,sign,1,12,16936
chord_tensor,8,37,sign,1,13,17274
chord_tensor,8,37,sign,1,14,17024
chord_tensor,8,37,sign,1,15,16970
chord_tensor,8,37,sign,1,16,17084
chord_tensor,8,37,sign,1,17,16966
chord_tensor,8,37,sign,1,18,18615
chord_tensor,8,37,sign,1,19,16986
chord_tensor,8,37,sign,1,20,16887
chord_tensor,8,37,sign,1,21,17001
chord_tensor,8,37,sign,1,22,16971
chord_tensor,8,37,sign,1,23,17036
chord_tensor,8,37,sign,1,24,16947
chord_tensor,8,37,sign,1,25,16917
chord_tensor,8,37,sign,1,26,18666
chord_tensor,8,37,sign,1,27,16977
chord_tensor,8,37,sign,1,28,16965
chord_tensor,8,37,sign,1,29,16928
chord_tensor,8,37,sign,1,30,16927
chord_tensor,8,37,sign,1,31,16966
chord_tensor,8,37,sign,1,32,16946
chord_tensor,8,37,sign,1,33,17029
chord_tensor,8,37,sign,1,34,18687
chord_tensor,8,37,sign,1,35,16927
chord_tensor,8,37,sign,1,36,16985
chord_tensor,8,37,sign,1,37,16931
chord_tensor,8,37,sign,1,38,17033
chord_tensor,8,37,sign,1,39,17014
chord_tensor,8,37,sign,2,0,19719
chord_tensor,8,37,sign,2,1,16966
chord_tensor,8,37,sign,2,2,16981
chord_tensor,8,37,sign,2,3,17003
chord_tensor,8,37,sign,2,4,17081
chord_tensor,8,37,sign,2,5,18662
chord_tensor,8,37,sign,2,6,16910
chord_tensor,8,37,sign,2,7,16895
chord_tensor,8,37,sign,2,8,17016
chord_tensor,8,37,sign,2,9,16961
chord_tensor,8,37,sign,2,10,16974
chord_tensor,8,37,sign,2,11,17027
chord_tensor,8,37,sign,2,12,16889
chord_tensor,8,37,sign,2,13,18660
chord_tensor,8,37,sign,2,14,17095
chord_tensor,8,37,sign,2,15,17106
chord_tensor,8,37,sign,2,16,17048
chord_tensor,8,37,sign,2,17,16922
chord_tensor,8,37,sign,2,18,17039
chord_tensor,8,37,sign,2,19,16948
chord_tensor,8,37,sign,2,20,16905
chord_tensor,8,37,sign,2,21,18617
chord_tensor,8,37,sign,2,22,16997
chord_tensor,8,37,sign,2,23,16982
chord_tensor,8,37,sign,2,24,16952
chord_tensor,8,37,sign,2,25,17003
chord_tensor,8,37,sign,2,26,17031
chord_tensor,8,37,sign,2,27,16969
chord_tensor,8,37,sign,2,28,17058
chord_tensor,8,37,sign,2,29,18615
chord_tensor,8,37,sign,2,30,16949
chord_tensor,8,37,sign,2,31,16962
chord_tensor,8,37,sign,2,32,17067
chord_tensor,8,37,sign,2,33,17049
chord_tensor,8,37,sign,2,34,17008
chord_tensor,8,37,sign,2,35,16944
chord_tensor,8,37,sign,2,36,16964
chord_tensor,8,37,sign,2,37,18688
chord_tensor,8,37,sign,2,38,17034
chord_tensor,8,37,sign,2,39,16987
chord_tensor,8,37,verify,0,0,19713
chord_tensor,8,37,verify,0,1,19631
chord_tensor,8,37,verify,0,2,19794
chord_tensor,8,37,verify,0,3,19757
chord_tensor,8,37,verify,0,4,18677
chord_tensor,8,37,verify,0,5,18682
chord_tensor,8,37,verify,0,6,19799
chord_tensor,8,37,verify,0,7,19770
chord_tensor,8,37,verify,0,8,18753
chord_tensor,8,37,verify,0,9,18660
chord_tensor,8,37,verify,0,10,19829
chord_tensor,8,37,verify,0,11,18595
chord_tensor,8,37,verify,0,12,19796
chord_tensor,8,37,verify,0,13,19740
chord_tensor,8,37,verify,0,14,19728
chord_tensor,8,37,verify,0,15,32134
chord_tensor,8,37,verify,0,16,19280
chord_tensor,8,37,verify,0,17,19222
chord_tensor,8,37,verify,0,18,19309
chord_tensor,8,37,verify,0,19,19212
chord_tensor,8,37,verify,0,20,19212
chord_tensor,8,37,verify,0,21,18218
chord_tensor,8,37,verify,0,22,31792
chord_tensor,8,37,verify,0,23,20250
chord_tensor,8,37,verify,0,24,21796
chord_tensor,8,37,verify,0,25,20287
chord_tensor,8,37,verify,0,26,20162
chord_tensor,8,37,verify,0,27,20330
chord_tensor,8,37,verify,0,28,20230
chord_tensor,8,37,verify,0,29,19084
chord_tensor,8,37,verify,0,30,20240
chord_tensor,8,37,verify,0,31,20287
chord_tensor,8,37,verify,0,32,20224
chord_tensor,8,37,verify,0,33,20271
chord_tensor,8,37,verify,0,34,20243
chord_tensor,8,37,verify,0,35,20227
chord_tensor,8,37,verify,0,36,20209
chord_tensor,8,37,verify,0,37,20259
chord_tensor,8,37,verify,0,38,20250
chord_tensor,8,37,verify,0,39,20286
chord_tensor,8,37,verify,1,0,20138
chord_tensor,8,37,verify,1,1,19180
chord_tensor,8,37,verify,1,2,20323
chord_tensor,8,37,verify,1,3,20301
chord_tensor,8,37,verify,1,4,20237
chord_tensor,8,37,verify,1,5,20281
chord_tensor,8,37,verify,1,6,20242
chord_tensor,8,37,verify,1,7,20273
chord_tensor,8,37,verify,1,8,20334
chord_tensor,8,37,verify,1,9,20206
chord_tensor,8,37,verify,1,10,20290
chord_tensor,8,37,verify,1,11,20411
chord_tensor,8,37,verify,1,12,20303
chord_tensor,8,37,verify,1,13,20238
chord_tensor,8,37,verify,1,14,19140
chord_tensor,8,37,verify,1,15,20220
chord_tensor,8,37,verify,1,16,20313
chord_tensor,8,37,verify,1,17,19179
chord_tensor,8,37,verify,1,18,20207
chord_tensor,8,37,verify,1,19,20305
chord_tensor,8,37,verify,1,20,20288
chord_tensor,8,37,verify,1,21,20266
chord_tensor,8,37,verify,1,22,20277
chord_tensor,8,37,verify,1,23,19118
chord_tensor,8,37,verify,1,24,20263
chord_tensor,8,37,verify,1,25,20255
chord_tensor,8,37,verify,1,26,19081
chord_tensor,8,37,verify,1,27,20358
chord_tensor,8,37,verify,1,28,20262
chord_tensor,8,37,verify,1,29,20300
chord_tensor,8,37,verify,1,30,19131
chord_tensor,8,37,verify,1,31,20250
chord_tensor,8,37,verify,1,32,20264
chord_tensor,8,37,verify,1,33,19208
chord_tensor,8,37,verify,1,34,20210
chord_tensor,8,37,verify,1,35,19153
chord_tensor,8,37,verify,1,36,20285
chord_tensor,8,37,verify,1,37,20245
chord_tensor,8,37,verify,1,38,20241
chord_tensor,8,37,verify,1,39,19123
chord_tensor,8,37,verify,2,0,18985
chord_tensor,8,37,verify,2,1,20275
chord_tensor,8,37,verify,2,2,20380
chord_tensor,8,37,verify,2,3,19099
chord_tensor,8,37,verify,2,4,20290
chord_tensor,8,37,verify,2,5,20274
chord_tensor,8,37,verify,2,6,19153
chord_tensor,8,37,verify,2,7,20279
chord_tensor,8,37,verify,2,8,20272
chord_tensor,8,37,verify,2,9,20235
chord_tensor,8,37,verify,2,10,20271
chord_tensor,8,37,verify,2,11,20180
chord_tensor,8,37,verify,2,12,21721
chord_tensor,8,37,verify,2,13,20246
chord_tensor,8,37,verify,2,14,20299
chord_tensor,8,37,verify,2,15,20238
chord_tensor,8,37,verify,2,16,20316
chord_tensor,8,37,verify,2,17,20302
chord_tensor,8,37,verify,2,18,19073
chord_tensor,8,37,verify,2,19,20217
chord_tensor,8,37,verify,2,20,20199
chord_tensor,8,37,verify,2,21,20256
chord_tensor,8,37,verify,2,22,19107
chord_tensor,8,37,verify,2,23,20267
chord_tensor,8,37,verify,2,24,20174
chord_tensor,8,37,verify,2,25,20291
chord_tensor,8,37,verify,2,26,19087
chord_tensor,8,37,verify,2,27,20255
chord_tensor,8,37,verify,2,28,20266
chord_tensor,8,37,verify,2,29,20241
chord_tensor,8,37,verify,2,30,20200
chord_tensor,8,37,verify,2,31,20239
chord_tensor,8,37,verify,2,32,20312
chord_tensor,8,37,verify,2,33,20245
chord_tensor,8,37,verify,2,34,20173
chord_tensor,8,37,verify,2,35,19113
chord_tensor,8,37,verify,2,36,20226
chord_tensor,8,37,verify,2,37,20208
chord_tensor,8,37,verify,2,38,19094
chord_tensor,8,37,verify,2,39,20177
chord_tensor,16,67,keygen,0,0,2756825
chord_tensor,16,67,keygen,0,1,2814354
chord_tensor,16,67,keygen,0,2,2761243
chord_tensor,16,67,keygen,0,3,2745166
chord_tensor,16,67,keygen,0,4,2791315
chord_tensor,16,67,keygen,0,5,2744869
chord_tensor,16,67,keygen,0,6,2737317
chord_tensor,16,67,keygen,0,7,2717713
chord_tensor,16,67,keygen,0,8,2760203
chord_tensor,16,67,keygen,0,9,2775073
chord_tensor,16,67,keygen,0,10,2757357
chord_tensor,16,67,keygen,0,11,2723188
chord_tensor,16,67,keygen,0,12,2751231
chord_tensor,16,67,keygen,0,13,2740381
chord_tensor,16,67,keygen,0,14,2732442
chord_tensor,16,67,keygen,0,15,2722892
chord_tensor,16,67,keygen,0,16,2783771
chord_tensor,16,67,keygen,0,17,2752173
chord_tensor,16,67,keygen,0,18,2747660
chord_tensor,16,67,keygen,0,19,2702573
chord_tensor,16,67,keygen,1,0,2773791
chord_tensor,16,67,keygen,1,1,2765828
chord_tensor,16,67,keygen,1,2,2690050
chord_tensor,16,67,keygen,1,3,3264662
chord_tensor,16,67,keygen,1,4,3868715
chord_tensor,16,67,keygen,1,5,3958713
chord_tensor,16,67,keygen,1,6,4066519
chord_tensor,16,67,keygen,1,7,4187740
chord_tensor,16,67,keygen,1,8,3257366
chord_tensor,16,67,keygen,1,9,3246022
chord_tensor,16,67,keygen,1,10,4728540
chord_tensor,16,67,keygen,1,11,3750883
chord_tensor,16,67,keygen,1,12,3270706
chord_tensor,16,67,keygen,1,13,3349328
chord_tensor,16,67,keygen,1,14,3287237
chord_tensor,16,67,keygen,1,15,3212665
chord_tensor,16,67,keygen,1,16,3168530
chord_tensor,16,67,keygen,1,17,3003354
chord_tensor,16,67,keygen,1,18,3027873
chord_tensor,16,67,keygen,1,19,3102028
chord_tensor,16,67,keygen,2,0,3029346
chord_tensor,16,67,keygen,2,1,2892016
chord_tensor,16,67,keygen,2,2,2852274
chord_tensor,16,67,keygen,2,3,2849353
chord_tensor,16,67,keygen,2,4,2845633
chord_tensor,16,67,keygen,2,5,2882940
chord_tensor,16,67,keygen,2,6,2924977
chord_tensor,16,67,keygen,2,7,2831554
chord_tensor,16,67,keygen,2,8,2800069
chord_tensor,16,67,keygen,2,9,2716319
chord_tensor,16,67,keygen,2,10,2773286
chord_tensor,16,67,keygen,2,11,2792399
chord_tensor,16,67,keygen,2,12,2802524
chord_tensor,16,67,keygen,2,13,2731450
chord_tensor,16,67,keygen,2,14,2708041
chord_tensor,16,67,keygen,2,15,2775043
chord_tensor,16,67,keygen,2,16,2741127
chord_tensor,16,67,keygen,2,17,2708775
chord_tensor,16,67,keygen,2,18,2744513
chord_tensor,16,67,keygen,2,19,2690567
chord_tensor,16,67,sign,0,0,30325
chord_tensor,16,67,sign,0,1,30367
chord_tensor,16,67,sign,0,2,30449
chord_tensor,16,67,sign,0,3,30083
chord_tensor,16,67,sign,0,4,31862
chord_tensor,16,67,sign,0,5,30192
chord_tensor,16,67,sign,0,6,30307
chord_tensor,16,67,sign,0,7,43177
chord_tensor,16,67,sign,0,8,31053
chord_tensor,16,67,sign,0,9,30939
chord_tensor,16,67,sign,0,10,31000
chord_tensor,16,67,sign,0,11,30926
chord_tensor,16,67,sign,0,12,34565
chord_tensor,16,67,sign,0,13,31093
chord_tensor,16,67,sign,0,14,30987
chord_tensor,16,67,sign,0,15,31027
chord_tensor,16,67,sign,0,16,30969
chord_tensor,16,67,sign,0,17,30981
chord_tensor,16,67,sign,0,18,30997
chord_tensor,16,67,sign,0,19,30911
chord_tensor,16,67,sign,0,20,32570
chord_tensor,16,67,sign,0,21,31166
chord_tensor,16,67,sign,0,22,30954
chord_tensor,16,67,sign,0,23,30988
chord_tensor,16,67,sign,0,24,31103
chord_tensor,16,67,sign,0,25,31092
chord_tensor,16,67,sign,0,26,30820
chord_tensor,16,67,sign,0,27,30942
chord_tensor,16,67,sign,0,28,32676
chord_tensor,16,67,sign,0,29,30867
chord_tensor,16,67,sign,0,30,31074
chord_tensor,16,67,sign,0,31,30954
chord_tensor,16,67,sign,0,32,30894
chord_tensor,16,67,sign,0,33,30863
chord_tensor,16,67,sign,0,34,30980
chord_tensor,16,67,sign,0,35,30892
chord_tensor,16,67,sign,0,36,32464
chord_tensor,16,67,sign,0,37,30972
chord_tensor,16,67,sign,0,38,44168
chord_tensor,16,67,sign,0,39,31644
chord_tensor,16,67,sign,1,0,31788
chord_tensor,16,67,sign,1,1,31694
chord_tensor,16,67,sign,1,2,31741
chord_tensor,16,67,sign,1,3,31691
chord_tensor,16,67,sign,1,4,31814
chord_tensor,16,67,sign,1,5,31740
chord_tensor,16,67,sign,1,6,31680
chord_tensor,16,67,sign,1,7,33404
chord_tensor,16,67,sign,1,8,31746
chord_tensor,16,67,sign,1,9,31817
chord_tensor,16,67,sign,1,10,31631
chord_tensor,16,67,sign,1,11,31733
chord_tensor,16,67,sign,1,12,31645
chord_tensor,16,67,sign,1,13,31748
chord_tensor,16,67,sign,1,14,31725
chord_tensor,16,67,sign,1,15,33332
chord_tensor,16,67,sign,1,16,31936
chord_tensor,16,67,sign,1,17,31586
chord_tensor,16,67,sign,1,18,31744
chord_tensor,16,67,sign,1,19,31638
chord_tensor,16,67,sign,1,20,31697
chord_tensor,16,67,sign,1,21,31765
chord_tensor,16,67,sign,1,22,31654
chord_tensor,16,67,sign,1,23,33272
chord_tensor,16,67,sign,1,24,31757
chord_tensor,16,67,sign,1,25,31597
chord_tensor,16,67,sign,1,26,31650
chord_tensor,16,67,sign,1,27,31699
chord_tensor,16,67,sign,1,28,31728
chord_tensor,16,67,sign,1,29,32960
chord_tensor,16,67,sign,1,30,31707
chord_tensor,16,67,sign,1,31,33253
chord_tensor,16,67,sign,1,32,31647
chord_tensor,16,67,sign,1,33,31834
chord_tensor,16,67,sign,1,34,31685
chord_tensor,16,67,sign,1,35,31667
chord_tensor,16,67,sign,1,36,31846
chord_tensor,16,67,sign,1,37,31817
chord_tensor,16,67,sign,1,38,31630
chord_tensor,16,67,sign,1,39,33378
chord_tensor,16,67,sign,2,0,31681
chord_tensor,16,67,sign,2,1,31807
chord_tensor,16,67,sign,2,2,33311
chord_tensor,16,67,sign,2,3,31716
chord_tensor,16,67,sign,2,4,31894
chord_tensor,16,67,sign,2,5,31698
chord_tensor,16,67,sign,2,6,31844
chord_tensor,16,67,sign,2,7,31588
chord_tensor,16,67,sign,2,8,31655
chord_tensor,16,67,sign,2,9,31715
chord_tensor,16,67,sign,2,10,33396
chord_tensor,16,67,sign,2,11,31732
chord_tensor,16,67,sign,2,12,31635
chord_tensor,16,67,sign,2,13,31715
chord_tensor,16,67,sign,2,14,31680
chord_tensor,16,67,sign,2,15,576539
chord_tensor,16,67,sign,2,16,32030
chord_tensor,16,67,sign,2,17,31779
chord_tensor,16,67,sign,2,18,33739
chord_tensor,16,67,sign,2,19,31848
chord_tensor,16,67,sign,2,20,31924
chord_tensor,16,67,sign,2,21,31840
chord_tensor,16,67,sign,2,22,31663
chord_tensor,16,67,sign,2,23,31733
chord_tensor,16,67,sign,2,24,31656
chord_tensor,16,67,sign,2,25,31757
chord_tensor,16,67,sign,2,26,33349
chord_tensor,16,67,sign,2,27,31768
chord_tensor,16,67,sign,2,28,31712
chord_tensor,16,67,sign,2,29,34522
chord_tensor,16,67,sign,2,30,31789
chord_tensor,16,67,sign,2,31,31707
chord_tensor,16,67,sign,2,32,31733
chord_tensor,16,67,sign,2,33,31679
chord_tensor,16,67,sign,2,34,33293
chord_tensor,16,67,sign,2,35,31841
chord_tensor,16,67,sign,2,36,31648
chord_tensor,16,67,sign,2,37,31662
chord_tensor,16,67,sign,2,38,31781
chord_tensor,16,67,sign,2,39,31698
chord_tensor,16,67,verify,0,0,75903
chord_tensor,16,67,verify,0,1,71529
chord_tensor,16,67,verify,0,2,76137
chord_tensor,16,67,verify,0,3,72518
chord_tensor,16,67,verify,0,4,76141
chord_tensor,16,67,verify,0,5,76129
chord_tensor,16,67,verify,0,6,76200
chord_tensor,16,67,verify,0,7,76084
chord_tensor,16,67,verify,0,8,76074
chord_tensor,16,67,verify,0,9,72727
chord_tensor,16,67,verify,0,10,76112
chord_tensor,16,67,verify,0,11,75781
chord_tensor,16,67,verify,0,12,72494
chord_tensor,16,67,verify,0,13,77611
chord_tensor,16,67,verify,0,14,75840
chord_tensor,16,67,verify,0,15,75579
chord_tensor,16,67,verify,0,16,75631
chord_tensor,16,67,verify,0,17,75629
chord_tensor,16,67,verify,0,18,75690
chord_tensor,16,67,verify,0,19,75745
chord_tensor,16,67,verify,0,20,75682
chord_tensor,16,67,verify,0,21,75533
chord_tensor,16,67,verify,0,22,75638
chord_tensor,16,67,verify,0,23,75597
chord_tensor,16,67,verify,0,24,75675
chord_tensor,16,67,verify,0,25,75585
chord_tensor,16,67,verify,0,26,76895
chord_tensor,16,67,verify,0,27,75514
chord_tensor,16,67,verify,0,28,75561
chord_tensor,16,67,verify,0,29,72163
chord_tensor,16,67,verify,0,30,75558
chord_tensor,16,67,verify,0,31,75587
chord_tensor,16,67,verify,0,32,75672
chord_tensor,16,67,verify,0,33,67721
chord_tensor,16,67,verify,0,34,75515
chord_tensor,16,67,verify,0,35,71658
chord_tensor,16,67,verify,0,36,75588
chord_tensor,16,67,verify,0,37,75495
chord_tensor,16,67,verify,0,38,75585
chord_tensor,16,67,verify,0,39,77244
chord_tensor,16,67,verify,1,0,75136
chord_tensor,16,67,verify,1,1,75265
chord_tensor,16,67,verify,1,2,75211
chord_tensor,16,67,verify,1,3,75268
chord_tensor,16,67,verify,1,4,76914
chord_tensor,16,67,verify,1,5,71803
chord_tensor,16,67,verify,1,6,75365
chord_tensor,16,67,verify,1,7,71843
chord_tensor,16,67,verify,1,8,75267
chord_tensor,16,67,verify,1,9,75343
chord_tensor,16,67,verify,1,10,75374
chord_tensor,16,67,verify,1,11,71297
chord_tensor,16,67,verify,1,12,75282
chord_tensor,16,67,verify,1,13,75342
chord_tensor,16,67,verify,1,14,75298
chord_tensor,16,67,verify,1,15,75290
chord_tensor,16,67,verify,1,16,75153
chord_tensor,16,67,verify,1,17,76664
chord_tensor,16,67,verify,1,18,71772
chord_tensor,16,67,verify,1,19,77195
chord_tensor,16,67,verify,1,20,75448
chord_tensor,16,67,verify,1,21,71547
chord_tensor,16,67,verify,1,22,75167
chord_tensor,16,67,verify,1,23,71552
chord_tensor,16,67,verify,1,24,75247
chord_tensor,16,67,verify,1,25,75279
chord_tensor,16,67,verify,1,26,75243
chord_tensor,16,67,verify,1,27,75238
chord_tensor,16,67,verify,1,28,75402
chord_tensor,16,67,verify,1,29,75224
chord_tensor,16,67,verify,1,30,73412
chord_tensor,16,67,verify,1,31,75327
chord_tensor,16,67,verify,1,32,75323
chord_tensor,16,67,verify,1,33,75237
chord_tensor,16,67,verify,1,34,75309
chord_tensor,16,67,verify,1,35,75372
chord_tensor,16,67,verify,1,36,71499
chord_tensor,16,67,verify,1,37,75228
chord_tensor,16,67,verify,1,38,75293
chord_tensor,16,67,verify,1,39,71257
chord_tensor,16,67,verify,2,0,75134
chord_tensor,16,67,verify,2,1,71716
chord_tensor,16,67,verify,2,2,75366
chord_tensor,16,67,verify,2,3,75350
chord_tensor,16,67,verify,2,4,75415
chord_tensor,16,67,verify,2,5,75362
chord_tensor,16,67,verify,2,6,75243
chord_tensor,16,67,verify,2,7,75324
chord_tensor,16,67,verify,2,8,76691
chord_tensor,16,67,verify,2,9,75246
chord_tensor,16,67,verify,2,10,75401
chord_tensor,16,67,verify,2,11,75397
chord_tensor,16,67,verify,2,12,75290
chord_tensor,16,67,verify,2,13,71689
chord_tensor,16,67,verify,2,14,75236
chord_tensor,16,67,verify,2,15,71719
chord_tensor,16,67,verify,2,16,75236
chord_tensor,16,67,verify,2,17,75366
chord_tensor,16,67,verify,2,18,75223
chord_tensor,16,67,verify,2,19,75239
chord_tensor,16,67,verify,2,20,71789
chord_tensor,16,67,verify,2,21,76848
chord_tensor,16,67,verify,2,22,75277
chord_tensor,16,67,verify,2,23,71815
chord_tensor,16,67,verify,2,24,71555
chord_tensor,16,67,verify,2,25,75240
chord_tensor,16,67,verify,2,26,75250
chord_tensor,16,67,verify,2,27,71844
chord_tensor,16,67,verify,2,28,71855
chord_tensor,16,67,verify,2,29,67590
chord_tensor,16,67,verify,2,30,71534
chord_tensor,16,67,verify,2,31,75256
chord_tensor,16,67,verify,2,32,75253
chord_tensor,16,67,verify,2,33,75228
chord_tensor,16,67,verify,2,34,75242
chord_tensor,16,67,verify,2,35,69282
chord_tensor,16,67,verify,2,36,75182
chord_tensor,16,67,verify,2,37,75330
chord_tensor,16,67,verify,2,38,75315
chord_tensor,16,67,verify,2,39,75270
chord_tensor,32,131,keygen,0,0,33618343
chord_tensor,32,131,keygen,0,1,33907020
chord_tensor,32,131,keygen,0,2,33955116
chord_tensor,32,131,keygen,0,3,33546608
chord_tensor,32,131,keygen,0,4,33285964
chord_tensor,32,131,keygen,0,5,34094451
chord_tensor,32,131,keygen,0,6,39571280
chord_tensor,32,131,keygen,0,7,35586785
chord_tensor,32,131,keygen,0,8,32765666
chord_tensor,32,131,keygen,0,9,33373986
chord_tensor,32,131,keygen,0,10,33001656
chord_tensor,32,131,keygen,0,11,35951946
chord_tensor,32,131,keygen,0,12,41832134
chord_tensor,32,131,keygen,0,13,36084356
chord_tensor,32,131,keygen,0,14,33045669
chord_tensor,32,131,keygen,0,15,33498231
chord_tensor,32,131,keygen,0,16,34035854
chord_tensor,32,131,keygen,0,17,34112827
chord_tensor,32,131,keygen,0,18,33809893
chord_tensor,32,131,keygen,0,19,33715655
chord_tensor,32,131,keygen,1,0,33483968
chord_tensor,32,131,keygen,1,1,34053266
chord_tensor,32,131,keygen,1,2,33125944
chord_tensor,32,131,keygen,1,3,34104625
chord_tensor,32,131,keygen,1,4,34851074
chord_tensor,32,131,keygen,1,5,34267320
chord_tensor,32,131,keygen,1,6,33874791
chord_tensor,32,131,keygen,1,7,33601228
chord_tensor,32,131,keygen,1,8,33704719
chord_tensor,32,131,keygen,1,9,33727052
chord_tensor,32,131,keygen,1,10,34117294
chord_tensor,32,131,keygen,1,11,33476325
chord_tensor,32,131,keygen,1,12,33458116
chord_tensor,32,131,keygen,1,13,33477410
chord_tensor,32,131,keygen,1,14,33847899
chord_tensor,32,131,keygen,1,15,37857539
chord_tensor,32,131,keygen,1,16,33781891
chord_tensor,32,131,keygen,1,17,32225578
chord_tensor,32,131,keygen,1,18,33262331
chord_tensor,32,131,keygen,1,19,35355371
chord_tensor,32,131,keygen,2,0,34799994
chord_tensor,32,131,keygen,2,1,34218665
chord_tensor,32,131,keygen,2,2,33320933
chord_tensor,32,131,keygen,2,3,33612742
chord_tensor,32,131,keygen,2,4,34244544
chord_tensor,32,131,keygen,2,5,36363668
chord_tensor,32,131,keygen,2,6,33143440
chord_tensor,32,131,keygen,2,7,33879597
chord_tensor,32,131,keygen,2,8,33653463
chord_tensor,32,131,keygen,2,9,33568758
chord_tensor,32,131,keygen,2,10,33417567
chord_tensor,32,131,keygen,2,11,33656546
chord_tensor,32,131,keygen,2,12,33655951
chord_tensor,32,131,keygen,2,13,33266066
chord_tensor,32,131,keygen,2,14,34060908
chord_tensor,32,131,keygen,2,15,34093980
chord_tensor,32,131,keygen,2,16,33422988
chord_tensor,32,131,keygen,2,17,33243330
chord_tensor,32,131,keygen,2,18,33671208
chord_tensor,32,131,keygen,2,19,34018741
chord_tensor,32,131,sign,0,0,85502
chord_tensor,32,131,sign,0,1,85595
chord_tensor,32,131,sign,0,2,85424
chord_tensor,32,131,sign,0,3,86964
chord_tensor,32,131,sign,0,4,85642
chord_tensor,32,131,sign,0,5,85202
chord_tensor,32,131,sign,0,6,87150
chord_tensor,32,131,sign,0,7,85246
chord_tensor,32,131,sign,0,8,87442
chord_tensor,32,131,sign,0,9,85386
chord_tensor,32,131,sign,0,10,85309
chord_tensor,32,131,sign,0,11,87049
chord_tensor,32,131,sign,0,12,85409
chord_tensor,32,131,sign,0,13,87127
chord_tensor,32,131,sign,0,14,85308
chord_tensor,32,131,sign,0,15,87052
chord_tensor,32,131,sign,0,16,85698
chord_tensor,32,131,sign,0,17,85549
chord_tensor,32,131,sign,0,18,85329
chord_tensor,32,131,sign,0,19,100136
chord_tensor,32,131,sign,0,20,83238
chord_tensor,32,131,sign,0,21,85032
chord_tensor,32,131,sign,0,22,83300
chord_tensor,32,131,sign,0,23,83119
chord_tensor,32,131,sign,0,24,83350
chord_tensor,32,131,sign,0,25,82980
chord_tensor,32,131,sign,0,26,83148
chord_tensor,32,131,sign,0,27,84656
chord_tensor,32,131,sign,0,28,96393
chord_tensor,32,131,sign,0,29,85109
chord_tensor,32,131,sign,0,30,85300
chord_tensor,32,131,sign,0,31,89102
chord_tensor,32,131,sign,0,32,85346
chord_tensor,32,131,sign,0,33,85120
chord_tensor,32,131,sign,0,34,85176
chord_tensor,32,131,sign,0,35,86862
chord_tensor,32,131,sign,0,36,85303
chord_tensor,32,131,sign,0,37,85188
chord_tensor,32,131,sign,0,38,85410
chord_tensor,32,131,sign,0,39,85297
chord_tensor,32,131,sign,1,0,83082
chord_tensor,32,131,sign,1,1,82875
chord_tensor,32,131,sign,1,2,84767
chord_tensor,32,131,sign,1,3,83358
chord_tensor,32,131,sign,1,4,82760
chord_tensor,32,131,sign,1,5,83110
chord_tensor,32,131,sign,1,6,84844
chord_tensor,32,131,sign,1,7,83204
chord_tensor,32,131,sign,1,8,83062
chord_tensor,32,131,sign,1,9,84390
chord_tensor,32,131,sign,1,10,83130
chord_tensor,32,131,sign,1,11,83362
chord_tensor,32,131,sign,1,12,82840
chord_tensor,32,131,sign,1,13,84823
chord_tensor,32,131,sign,1,14,84936
chord_tensor,32,131,sign,1,15,85072
chord_tensor,32,131,sign,1,16,84884
chord_tensor,32,131,sign,1,17,82862
chord_tensor,32,131,sign,1,18,83135
chord_tensor,32,131,sign,1,19,83129
chord_tensor,32,131,sign,1,20,82913
chord_tensor,32,131,sign,1,21,85460
chord_tensor,32,131,sign,1,22,84853
chord_tensor,32,131,sign,1,23,83215
chord_tensor,32,131,sign,1,24,83115
chord_tensor,32,131,sign,1,25,82912
chord_tensor,32,131,sign,1,26,82930
chord_tensor,32,131,sign,1,27,83018
chord_tensor,32,131,sign,1,28,83143
chord_tensor,32,131,sign,1,29,83195
chord_tensor,32,131,sign,1,30,84642
chord_tensor,32,131,sign,1,31,83143
chord_tensor,32,131,sign,1,32,82977
chord_tensor,32,131,sign,1,33,85103
chord_tensor,32,131,sign,1,34,82937
chord_tensor,32,131,sign,1,35,83073
chord_tensor,32,131,sign,1,36,83065
chord_tensor,32,131,sign,1,37,82929
chord_tensor,32,131,sign,1,38,84434
chord_tensor,32,131,sign,1,39,83323
chord_tensor,32,131,sign,2,0,84457
chord_tensor,32,131,sign,2,1,84677
chord_tensor,32,131,sign,2,2,83400
chord_tensor,32,131,sign,2,3,83087
chord_tensor,32,131,sign,2,4,83153
chord_tensor,32,131,sign,2,5,82948
chord_tensor,32,131,sign,2,6,83404
chord_tensor,32,131,sign,2,7,82990
chord_tensor,32,131,sign,2,8,83098
chord_tensor,32,131,sign,2,9,84838
chord_tensor,32,131,sign,2,10,83330
chord_tensor,32,131,sign,2,11,83028
chord_tensor,32,131,sign,2,12,84529
chord_tensor,32,131,sign,2,13,83160
chord_tensor,32,131,sign,2,14,83280
chord_tensor,32,131,sign,2,15,82934
chord_tensor,32,131,sign,2,16,83233
chord_tensor,32,131,sign,2,17,84673
chord_tensor,32,131,sign,2,18,83460
chord_tensor,32,131,sign,2,19,83013
chord_tensor,32,131,sign,2,20,82933
chord_tensor,32,131,sign,2,21,82963
chord_tensor,32,131,sign,2,22,83328
chord_tensor,32,131,sign,2,23,82924
chord_tensor,32,131,sign,2,24,84544
chord_tensor,32,131,sign,2,25,84638
chord_tensor,32,131,sign,2,26,83238
chord_tensor,32,131,sign,2,27,82993
chord_tensor,32,131,sign,2,28,83180
chord_tensor,32,131,sign,2,29,83045
chord_tensor,32,131,sign,2,30,82949
chord_tensor,32,131,sign,2,31,82903
chord_tensor,32,131,sign,2,32,82870
chord_tensor,32,131,sign,2,33,84633
chord_tensor,32,131,sign,2,34,83156
chord_tensor,32,131,sign,2,35,83030
chord_tensor,32,131,sign,2,36,84409
chord_tensor,32,131,sign,2,37,82973
chord_tensor,32,131,sign,2,38,83438
chord_tensor,32,131,sign,2,39,82847
chord_tensor,32,131,verify,0,0,477157
chord_tensor,32,131,verify,0,1,466268
chord_tensor,32,131,verify,0,2,477536
chord_tensor,32,131,verify,0,3,477523
chord_tensor,32,131,verify,0,4,465817
chord_tensor,32,131,verify,0,5,477651
chord_tensor,32,131,verify,0,6,479058
chord_tensor,32,131,verify,0,7,464693
chord_tensor,32,131,verify,0,8,479211
chord_tensor,32,131,verify,0,9,477663
chord_tensor,32,131,verify,0,10,481445
chord_tensor,32,131,verify,0,11,481965
chord_tensor,32,131,verify,0,12,480390
chord_tensor,32,131,verify,0,13,480568
chord_tensor,32,131,verify,0,14,479302
chord_tensor,32,131,verify,0,15,477571
chord_tensor,32,131,verify,0,16,479499
chord_tensor,32,131,verify,0,17,477770
chord_tensor,32,131,verify,0,18,479515
chord_tensor,32,131,verify,0,19,477705
chord_tensor,32,131,verify,0,20,479218
chord_tensor,32,131,verify,0,21,477694
chord_tensor,32,131,verify,0,22,479054
chord_tensor,32,131,verify,0,23,464331
chord_tensor,32,131,verify,0,24,464405
chord_tensor,32,131,verify,0,25,479189
chord_tensor,32,131,verify,0,26,477712
chord_tensor,32,131,verify,0,27,479071
chord_tensor,32,131,verify,0,28,481093
chord_tensor,32,131,verify,0,29,470738
chord_tensor,32,131,verify,0,30,474813
chord_tensor,32,131,verify,0,31,492533
chord_tensor,32,131,verify,0,32,489984
chord_tensor,32,131,verify,0,33,498105
chord_tensor,32,131,verify,0,34,471868
chord_tensor,32,131,verify,0,35,499189
chord_tensor,32,131,verify,0,36,489359
chord_tensor,32,131,verify,0,37,488064
chord_tensor,32,131,verify,0,38,479040
chord_tensor,32,131,verify,0,39,479964
chord_tensor,32,131,verify,1,0,477113
chord_tensor,32,131,verify,1,1,477476
chord_tensor,32,131,verify,1,2,479322
chord_tensor,32,131,verify,1,3,463670
chord_tensor,32,131,verify,1,4,483222
chord_tensor,32,131,verify,1,5,477649
chord_tensor,32,131,verify,1,6,467755
chord_tensor,32,131,verify,1,7,477284
chord_tensor,32,131,verify,1,8,479131
chord_tensor,32,131,verify,1,9,464512
chord_tensor,32,131,verify,1,10,480457
chord_tensor,32,131,verify,1,11,477295
chord_tensor,32,131,verify,1,12,465969
chord_tensor,32,131,verify,1,13,477181
chord_tensor,32,131,verify,1,14,479447
chord_tensor,32,131,verify,1,15,477575
chord_tensor,32,131,verify,1,16,478939
chord_tensor,32,131,verify,1,17,477439
chord_tensor,32,131,verify,1,18,480740
chord_tensor,32,131,verify,1,19,477341
chord_tensor,32,131,verify,1,20,479069
chord_tensor,32,131,verify,1,21,477499
chord_tensor,32,131,verify,1,22,477329
chord_tensor,32,131,verify,1,23,479211
chord_tensor,32,131,verify,1,24,479176
chord_tensor,32,131,verify,1,25,481411
chord_tensor,32,131,verify,1,26,464466
chord_tensor,32,131,verify,1,27,465460
chord_tensor,32,131,verify,1,28,477558
chord_tensor,32,131,verify,1,29,479263
chord_tensor,32,131,verify,1,30,477772
chord_tensor,32,131,verify,1,31,479232
chord_tensor,32,131,verify,1,32,477738
chord_tensor,32,131,verify,1,33,479207
chord_tensor,32,131,verify,1,34,477717
chord_tensor,32,131,verify,1,35,466088
chord_tensor,32,131,verify,1,36,477453
chord_tensor,32,131,verify,1,37,466248
chord_tensor,32,131,verify,1,38,477709
chord_tensor,32,131,verify,1,39,466140
chord_tensor,32,131,verify,2,0,478991
chord_tensor,32,131,verify,2,1,453362
chord_tensor,32,131,verify,2,2,470802
chord_tensor,32,131,verify,2,3,442507
chord_tensor,32,131,verify,2,4,443434
chord_tensor,32,131,verify,2,5,454753
chord_tensor,32,131,verify,2,6,454198
chord_tensor,32,131,verify,2,7,506113
chord_tensor,32,131,verify,2,8,473879
chord_tensor,32,131,verify,2,9,465601
chord_tensor,32,131,verify,2,10,457228
chord_tensor,32,131,verify,2,11,467603
chord_tensor,32,131,verify,2,12,452343
chord_tensor,32,131,verify,2,13,479509
chord_tensor,32,131,verify,2,14,463399
chord_tensor,32,131,verify,2,15,484472
chord_tensor,32,131,verify,2,16,466027
chord_tensor,32,131,verify,2,17,481583
chord_tensor,32,131,verify,2,18,465888
chord_tensor,32,131,verify,2,19,455043
chord_tensor,32,131,verify,2,20,454925
chord_tensor,32,131,verify,2,21,467352
chord_tensor,32,131,verify,2,22,465910
chord_tensor,32,131,verify,2,23,467612
chord_tensor,32,131,verify,2,24,465882
chord_tensor,32,131,verify,2,25,465792
chord_tensor,32,131,verify,2,26,467417
chord_tensor,32,131,verify,2,27,467807
chord_tensor,32,131,verify,2,28,467379
chord_tensor,32,131,verify,2,29,465904
chord_tensor,32,131,verify,2,30,467469
chord_tensor,32,131,verify,2,31,466071
chord_tensor,32,131,verify,2,32,467394
chord_tensor,32,131,verify,2,33,453304
chord_tensor,32,131,verify,2,34,457566
chord_tensor,32,131,verify,2,35,465963
chord_tensor,32,131,verify,2,36,467861
chord_tensor,32,131,verify,2,37,465862
chord_tensor,32,131,verify,2,38,467252
chord_tensor,32,131,verify,2,39,465823
chord_tensor,48,193,keygen,0,0,159488815
chord_tensor,48,193,keygen,0,1,158779276
chord_tensor,48,193,keygen,0,2,155931508
chord_tensor,48,193,keygen,0,3,158173817
chord_tensor,48,193,keygen,0,4,160454858
chord_tensor,48,193,keygen,0,5,159591929
chord_tensor,48,193,keygen,0,6,152658315
chord_tensor,48,193,keygen,0,7,148141565
chord_tensor,48,193,keygen,0,8,147726448
chord_tensor,48,193,keygen,0,9,150342281
chord_tensor,48,193,keygen,0,10,152157006
chord_tensor,48,193,keygen,0,11,163316600
chord_tensor,48,193,keygen,0,12,149958751
chord_tensor,48,193,keygen,0,13,151650665
chord_tensor,48,193,keygen,0,14,148186725
chord_tensor,48,193,keygen,0,15,148753724
chord_tensor,48,193,keygen,0,16,157488478
chord_tensor,48,193,keygen,0,17,153986931
chord_tensor,48,193,keygen,0,18,154699895
chord_tensor,48,193,keygen,0,19,149676495
chord_tensor,48,193,keygen,1,0,153086549
chord_tensor,48,193,keygen,1,1,148723991
chord_tensor,48,193,keygen,1,2,149299526
chord_tensor,48,193,keygen,1,3,147981955
chord_tensor,48,193,keygen,1,4,162567402
chord_tensor,48,193,keygen,1,5,149880600
chord_tensor,48,193,keygen,1,6,152001964
chord_tensor,48,193,keygen,1,7,148561049
chord_tensor,48,193,keygen,1,8,147892599
chord_tensor,48,193,keygen,1,9,150195702
chord_tensor,48,193,keygen,1,10,152527099
chord_tensor,48,193,keygen,1,11,164492282
chord_tensor,48,193,keygen,1,12,149776654
chord_tensor,48,193,keygen,1,13,151416030
chord_tensor,48,193,keygen,1,14,148042227
chord_tensor,48,193,keygen,1,15,148907706
chord_tensor,48,193,keygen,1,16,152527097
chord_tensor,48,193,keygen,1,17,150275371
chord_tensor,48,193,keygen,1,18,150116238
chord_tensor,48,193,keygen,1,19,151984788
chord_tensor,48,193,keygen,2,0,152165320
chord_tensor,48,193,keygen,2,1,149654959
chord_tensor,48,193,keygen,2,2,150230432
chord_tensor,48,193,keygen,2,3,149171406
chord_tensor,48,193,keygen,2,4,163593638
chord_tensor,48,193,keygen,2,5,151558732
chord_tensor,48,193,keygen,2,6,149840829
chord_tensor,48,193,keygen,2,7,149859802
chord_tensor,48,193,keygen,2,8,149764971
chord_tensor,48,193,keygen,2,9,150485913
chord_tensor,48,193,keygen,2,10,154042574
chord_tensor,48,193,keygen,2,11,154986725
chord_tensor,48,193,keygen,2,12,149511820
chord_tensor,48,193,keygen,2,13,149790047
chord_tensor,48,193,keygen,2,14,151001152
chord_tensor,48,193,keygen,2,15,153223102
chord_tensor,48,193,keygen,2,16,174800630
chord_tensor,48,193,keygen,2,17,167194364
chord_tensor,48,193,keygen,2,18,155787748
chord_tensor,48,193,keygen,2,19,149449295
chord_tensor,48,193,sign,0,0,169614
chord_tensor,48,193,sign,0,1,171276
chord_tensor,48,193,sign,0,2,171392
chord_tensor,48,193,sign,0,3,169334
chord_tensor,48,193,sign,0,4,169148
chord_tensor,48,193,sign,0,5,169187
chord_tensor,48,193,sign,0,6,173615
chord_tensor,48,193,sign,0,7,169307
chord_tensor,48,193,sign,0,8,169289
chord_tensor,48,193,sign,0,9,169307
chord_tensor,48,193,sign,0,10,171151
chord_tensor,48,193,sign,0,11,169201
chord_tensor,48,193,sign,0,12,170844
chord_tensor,48,193,sign,0,13,169581
chord_tensor,48,193,sign,0,14,169424
chord_tensor,48,193,sign,0,15,169344
chord_tensor,48,193,sign,0,16,169303
chord_tensor,48,193,sign,0,17,169454
chord_tensor,48,193,sign,0,18,172503
chord_tensor,48,193,sign,0,19,169480
chord_tensor,48,193,sign,0,20,169238
chord_tensor,48,193,sign,0,21,169372
chord_tensor,48,193,sign,0,22,169219
chord_tensor,48,193,sign,0,23,169173
chord_tensor,48,193,sign,0,24,171249
chord_tensor,48,193,sign,0,25,169258
chord_tensor,48,193,sign,0,26,170827
chord_tensor,48,193,sign,0,27,169522
chord_tensor,48,193,sign,0,28,169112
chord_tensor,48,193,sign,0,29,169407
chord_tensor,48,193,sign,0,30,170670
chord_tensor,48,193,sign,0,31,169239
chord_tensor,48,193,sign,0,32,169411
chord_tensor,48,193,sign,0,33,169021
chord_tensor,48,193,sign,0,34,171084
chord_tensor,48,193,sign,0,35,168849
chord_tensor,48,193,sign,0,36,170844
chord_tensor,48,193,sign,0,37,169328
chord_tensor,48,193,sign,0,38,169281
chord_tensor,48,193,sign,0,39,169656
chord_tensor,48,193,sign,1,0,169270
chord_tensor,48,193,sign,1,1,169504
chord_tensor,48,193,sign,1,2,171132
chord_tensor,48,193,sign,1,3,169641
chord_tensor,48,193,sign,1,4,169146
chord_tensor,48,193,sign,1,5,170739
chord_tensor,48,193,sign,1,6,169190
chord_tensor,48,193,sign,1,7,169331
chord_tensor,48,193,sign,1,8,170515
chord_tensor,48,193,sign,1,9,169339
chord_tensor,48,193,sign,1,10,168939
chord_tensor,48,193,sign,1,11,169052
chord_tensor,48,193,sign,1,12,169217
chord_tensor,48,193,sign,1,13,170963
chord_tensor,48,193,sign,1,14,170762
chord_tensor,48,193,sign,1,15,169244
chord_tensor,48,193,sign,1,16,169070
chord_tensor,48,193,sign,1,17,168846
chord_tensor,48,193,sign,1,18,169262
chord_tensor,48,193,sign,1,19,169297
chord_tensor,48,193,sign,1,20,170845
chord_tensor,48,193,sign,1,21,171003
chord_tensor,48,193,sign,1,22,169242
chord_tensor,48,193,sign,1,23,169396
chord_tensor,48,193,sign,1,24,169304
chord_tensor,48,193,sign,1,25,180198
chord_tensor,48,193,sign,1,26,166580
chord_tensor,48,193,sign,1,27,165223
chord_tensor,48,193,sign,1,28,165053
chord_tensor,48,193,sign,1,29,166466
chord_tensor,48,193,sign,1,30,165203
chord_tensor,48,193,sign,1,31,180757
chord_tensor,48,193,sign,1,32,170665
chord_tensor,48,193,sign,1,33,169330
chord_tensor,48,193,sign,1,34,169240
chord_tensor,48,193,sign,1,35,168979
chord_tensor,48,193,sign,1,36,169305
chord_tensor,48,193,sign,1,37,170777
chord_tensor,48,193,sign,1,38,170681
chord_tensor,48,193,sign,1,39,169112
chord_tensor,48,193,sign,2,0,166963
chord_tensor,48,193,sign,2,1,165100
chord_tensor,48,193,sign,2,2,165375
chord_tensor,48,193,sign,2,3,177507
chord_tensor,48,193,sign,2,4,162669
chord_tensor,48,193,sign,2,5,161087
chord_tensor,48,193,sign,2,6,161620
chord_tensor,48,193,sign,2,7,161180
chord_tensor,48,193,sign,2,8,163152
chord_tensor,48,193,sign,2,9,160941
chord_tensor,48,193,sign,2,10,161199
chord_tensor,48,193,sign,2,11,162581
chord_tensor,48,193,sign,2,12,161353
chord_tensor,48,193,sign,2,13,161487
chord_tensor,48,193,sign,2,14,161380
chord_tensor,48,193,sign,2,15,161253
chord_tensor,48,193,sign,2,16,162784
chord_tensor,48,193,sign,2,17,162572
chord_tensor,48,193,sign,2,18,161218
chord_tensor,48,193,sign,2,19,161175
chord_tensor,48,193,sign,2,20,160965
chord_tensor,48,193,sign,2,21,161341
chord_tensor,48,193,sign,2,22,160842
chord_tensor,48,193,sign,2,23,162554
chord_tensor,48,193,sign,2,24,162539
chord_tensor,48,193,sign,2,25,161120
chord_tensor,48,193,sign,2,26,161304
chord_tensor,48,193,sign,2,27,161039
chord_tensor,48,193,sign,2,28,160963
chord_tensor,48,193,sign,2,29,162518
chord_tensor,48,193,sign,2,30,161242
chord_tensor,48,193,sign,2,31,161159
chord_tensor,48,193,sign,2,32,162984
chord_tensor,48,193,sign,2,33,161366
chord_tensor,48,193,sign,2,34,161413
chord_tensor,48,193,sign,2,35,162625
chord_tensor,48,193,sign,2,36,161162
chord_tensor,48,193,sign,2,37,161127
chord_tensor,48,193,sign,2,38,161273
chord_tensor,48,193,sign,2,39,161158
chord_tensor,48,193,verify,0,0,1467993
chord_tensor,48,193,verify,0,1,1394711
chord_tensor,48,193,verify,0,2,1454273
chord_tensor,48,193,verify,0,3,1508330
chord_tensor,48,193,verify,0,4,1468202
chord_tensor,48,193,verify,0,5,1496051
chord_tensor,48,193,verify,0,6,1425490
chord_tensor,48,193,verify,0,7,1462838
chord_tensor,48,193,verify,0,8,1421622
chord_tensor,48,193,verify,0,9,1467733
chord_tensor,48,193,verify,0,10,1424572
chord_tensor,48,193,verify,0,11,1469026
chord_tensor,48,193,verify,0,12,1395027
chord_tensor,48,193,verify,0,13,1454161
chord_tensor,48,193,verify,0,14,1505743
chord_tensor,48,193,verify,0,15,1493037
chord_tensor,48,193,verify,0,16,1504261
chord_tensor,48,193,verify,0,17,1490586
chord_tensor,48,193,verify,0,18,1496517
chord_tensor,48,193,verify,0,19,1455802
chord_tensor,48,193,verify,0,20,1436679
chord_tensor,48,193,verify,0,21,1449490
chord_tensor,48,193,verify,0,22,1476548
chord_tensor,48,193,verify,0,23,1457593
chord_tensor,48,193,verify,0,24,1445838
chord_tensor,48,193,verify,0,25,1421339
chord_tensor,48,193,verify,0,26,1455200
chord_tensor,48,193,verify,0,27,1434734
chord_tensor,48,193,verify,0,28,1453179
chord_tensor,48,193,verify,0,29,1479586
chord_tensor,48,193,verify,0,30,1487650
chord_tensor,48,193,verify,0,31,1469075
chord_tensor,48,193,verify,0,32,1454416
chord_tensor,48,193,verify,0,33,1463631
chord_tensor,48,193,verify,0,34,1420608
chord_tensor,48,193,verify,0,35,1469502
chord_tensor,48,193,verify,0,36,1422782
chord_tensor,48,193,verify,0,37,1456149
chord_tensor,48,193,verify,0,38,1439305
chord_tensor,48,193,verify,0,39,1425784
chord_tensor,48,193,verify,1,0,1478557
chord_tensor,48,193,verify,1,1,1451519
chord_tensor,48,193,verify,1,2,1480362
chord_tensor,48,193,verify,1,3,1457258
chord_tensor,48,193,verify,1,4,1436885
chord_tensor,48,193,verify,1,5,1421900
chord_tensor,48,193,verify,1,6,1521937
chord_tensor,48,193,verify,1,7,1549706
chord_tensor,48,193,verify,1,8,1591252
chord_tensor,48,193,verify,1,9,1502280
chord_tensor,48,193,verify,1,10,1551213
chord_tensor,48,193,verify,1,11,1517415
chord_tensor,48,193,verify,1,12,1534612
chord_tensor,48,193,verify,1,13,1490170
chord_tensor,48,193,verify,1,14,1467809
chord_tensor,48,193,verify,1,15,1486686
chord_tensor,48,193,verify,1,16,1541289
chord_tensor,48,193,verify,1,17,1490352
chord_tensor,48,193,verify,1,18,1467897
chord_tensor,48,193,verify,1,19,1486233
chord_tensor,48,193,verify,1,20,1541378
chord_tensor,48,193,verify,1,21,1524166
chord_tensor,48,193,verify,1,22,1511368
chord_tensor,48,193,verify,1,23,1455635
chord_tensor,48,193,verify,1,24,1461144
chord_tensor,48,193,verify,1,25,1449901
chord_tensor,48,193,verify,1,26,1464007
chord_tensor,48,193,verify,1,27,1420145
chord_tensor,48,193,verify,1,28,1469411
chord_tensor,48,193,verify,1,29,1422184
chord_tensor,48,193,verify,1,30,1456233
chord_tensor,48,193,verify,1,31,1435600
chord_tensor,48,193,verify,1,32,1453813
chord_tensor,48,193,verify,1,33,1461387
chord_tensor,48,193,verify,1,34,1451696
chord_tensor,48,193,verify,1,35,1505172
chord_tensor,48,193,verify,1,36,1454813
chord_tensor,48,193,verify,1,37,1465262
chord_tensor,48,193,verify,1,38,1420673
chord_tensor,48,193,verify,1,39,1441506
chord_tensor,48,193,verify,2,0,1507763
chord_tensor,48,193,verify,2,1,1573929
chord_tensor,48,193,verify,2,2,1591906
chord_tensor,48,193,verify,2,3,1553787
chord_tensor,48,193,verify,2,4,1555810
chord_tensor,48,193,verify,2,5,1536915
chord_tensor,48,193,verify,2,6,1526674
chord_tensor,48,193,verify,2,7,1504707
chord_tensor,48,193,verify,2,8,1491120
chord_tensor,48,193,verify,2,9,1472856
chord_tensor,48,193,verify,2,10,1455256
chord_tensor,48,193,verify,2,11,1476471
chord_tensor,48,193,verify,2,12,1487357
chord_tensor,48,193,verify,2,13,1540365
chord_tensor,48,193,verify,2,14,1490295
chord_tensor,48,193,verify,2,15,1496872
chord_tensor,48,193,verify,2,16,1489166
chord_tensor,48,193,verify,2,17,1495300
chord_tensor,48,193,verify,2,18,1453518
chord_tensor,48,193,verify,2,19,1464882
chord_tensor,48,193,verify,2,20,1425495
chord_tensor,48,193,verify,2,21,1506659
chord_tensor,48,193,verify,2,22,1452257
chord_tensor,48,193,verify,2,23,1469817
chord_tensor,48,193,verify,2,24,1392850
chord_tensor,48,193,verify,2,25,1468782
chord_tensor,48,193,verify,2,26,1423228
chord_tensor,48,193,verify,2,27,1454301
chord_tensor,48,193,verify,2,28,1505034
chord_tensor,48,193,verify,2,29,1477893
chord_tensor,48,193,verify,2,30,1465956
chord_tensor,48,193,verify,2,31,1430336
chord_tensor,48,193,verify,2,32,1504757
chord_tensor,48,193,verify,2,33,1485810
chord_tensor,48,193,verify,2,34,1540611
chord_tensor,48,193,verify,2,35,1484275
chord_tensor,48,193,verify,2,36,1463625
chord_tensor,48,193,verify,2,37,1450320
chord_tensor,48,193,verify,2,38,1464530
chord_tensor,48,193,verify,2,39,1901223
chord_structured,8,103,keygen,0,0,393700
chord_structured,8,103,keygen,0,1,390167
chord_structured,8,103,keygen,0,2,412888
chord_structured,8,103,keygen,0,3,395868
chord_structured,8,103,keygen,0,4,398335
chord_structured,8,103,keygen,0,5,401071
chord_structured,8,103,keygen,0,6,396621
chord_structured,8,103,keygen,0,7,405845
chord_structured,8,103,keygen,0,8,399446
chord_structured,8,103,keygen,0,9,394662
chord_structured,8,103,keygen,0,10,400965
chord_structured,8,103,keygen,0,11,400438
chord_structured,8,103,keygen,0,12,399972
chord_structured,8,103,keygen,0,13,397554
chord_structured,8,103,keygen,0,14,396980
chord_structured,8,103,keygen,0,15,411949
chord_structured,8,103,keygen,0,16,398517
chord_structured,8,103,keygen,0,17,399732
chord_structured,8,103,keygen,0,18,401136
chord_structured,8,103,keygen,0,19,399061
chord_structured,8,103,keygen,1,0,399373
chord_structured,8,103,keygen,1,1,399235
chord_structured,8,103,keygen,1,2,400843
chord_structured,8,103,keygen,1,3,395669
chord_structured,8,103,keygen,1,4,398500
chord_structured,8,103,keygen,1,5,398755
chord_structured,8,103,keygen,1,6,396910
chord_structured,8,103,keygen,1,7,400467
chord_structured,8,103,keygen,1,8,399362
chord_structured,8,103,keygen,1,9,396767
chord_structured,8,103,keygen,1,10,400954
chord_structured,8,103,keygen,1,11,400890
chord_structured,8,103,keygen,1,12,399789
chord_structured,8,103,keygen,1,13,397452
chord_structured,8,103,keygen,1,14,398799
chord_structured,8,103,keygen,1,15,397952
chord_structured,8,103,keygen,1,16,394574
chord_structured,8,103,keygen,1,17,396763
chord_structured,8,103,keygen,1,18,397108
chord_structured,8,103,keygen,1,19,396996
chord_structured,8,103,keygen,2,0,401960
chord_structured,8,103,keygen,2,1,400284
chord_structured,8,103,keygen,2,2,399719
chord_structured,8,103,keygen,2,3,398672
chord_structured,8,103,keygen,2,4,397371
chord_structured,8,103,keygen,2,5,399178
chord_structured,8,103,keygen,2,6,398346
chord_structured,8,103,keygen,2,7,398906
chord_structured,8,103,keygen,2,8,400561
chord_structured,8,103,keygen,2,9,396974
chord_structured,8,103,keygen,2,10,398300
chord_structured,8,103,keygen,2,11,398346
chord_structured,8,103,keygen,2,12,398003
chord_structured,8,103,keygen,2,13,399681
chord_structured,8,103,keygen,2,14,397963
chord_structured,8,103,keygen,2,15,400643
chord_structured,8,103,keygen,2,16,398062
chord_structured,8,103,keygen,2,17,401275
chord_structured,8,103,keygen,2,18,395807
chord_structured,8,103,keygen,2,19,399607
chord_structured,8,103,sign,0,0,18993
chord_structured,8,103,sign,0,1,17290
chord_structured,8,103,sign,0,2,17176
chord_structured,8,103,sign,0,3,17237
chord_structured,8,103,sign,0,4,17106
chord_structured,8,103,sign,0,5,17077
chord_structured,8,103,sign,0,6,17157
chord_structured,8,103,sign,0,7,17097
chord_structured,8,103,sign,0,8,18851
chord_structured,8,103,sign,0,9,17142
chord_structured,8,103,sign,0,10,17184
chord_structured,8,103,sign,0,11,17085
chord_structured,8,103,sign,0,12,17178
chord_structured,8,103,sign,0,13,17064
chord_structured,8,103,sign,0,14,17114
chord_structured,8,103,sign,0,15,17066
chord_structured,8,103,sign,0,16,18627
chord_structured,8,103,sign,0,17,17090
chord_structured,8,103,sign,0,18,17131
chord_structured,8,103,sign,0,19,17149
chord_structured,8,103,sign,0,20,17099
chord_structured,8,103,sign,0,21,17078
chord_structured,8,103,sign,0,22,17042
chord_structured,8,103,sign,0,23,17013
chord_structured,8,103,sign,0,24,18687
chord_structured,8,103,sign,0,25,17095
chord_structured,8,103,sign,0,26,17132
chord_structured,8,103,sign,0,27,17046
chord_structured,8,103,sign,0,28,17111
chord_structured,8,103,sign,0,29,17121
chord_structured,8,103,sign,0,30,17145
chord_structured,8,103,sign,0,31,17103
chord_structured,8,103,sign,0,32,18691
chord_structured,8,103,sign,0,33,17069
chord_structured,8,103,sign,0,34,17046
chord_structured,8,103,sign,0,35,17160
chord_structured,8,103,sign,0,36,17170
chord_structured,8,103,sign,0,37,16999
chord_structured,8,103,sign,0,38,16994
chord_structured,8,103,sign,0,39,17044
chord_structured,8,103,sign,1,0,17089
chord_structured,8,103,sign,1,1,17104
chord_structured,8,103,sign,1,2,17069
chord_structured,8,103,sign,1,3,18713
chord_structured,8,103,sign,1,4,17029
chord_structured,8,103,sign,1,5,17072
chord_structured,8,103,sign,1,6,17027
chord_structured,8,103,sign,1,7,19043
chord_structured,8,103,sign,1,8,17034
chord_structured,8,103,sign,1,9,17089
chord_structured,8,103,sign,1,10,17083
chord_structured,8,103,sign,1,11,18754
chord_structured,8,103,sign,1,12,17113
chord_structured,8,103,sign,1,13,17270
chord_structured,8,103,sign,1,14,17057
chord_structured,8,103,sign,1,15,19222
chord_structured,8,103,sign,1,16,21465
chord_structured,8,103,sign,1,17,21617
chord_structured,8,103,sign,1,18,20969
chord_structured,8,103,sign,1,19,25023
chord_structured,8,103,sign,1,20,22251
chord_structured,8,103,sign,1,21,22952
chord_structured,8,103,sign,1,22,22301
chord_structured,8,103,sign,1,23,24025
chord_structured,8,103,sign,1,24,24214
chord_structured,8,103,sign,1,25,23590
chord_structured,8,103,sign,1,26,22697
chord_structured,8,103,sign,1,27,25348
chord_structured,8,103,sign,1,28,20314
chord_structured,8,103,sign,1,29,22511
chord_structured,8,103,sign,1,30,23641
chord_structured,8,103,sign,1,31,25942
chord_structured,8,103,sign,1,32,25129
chord_structured,8,103,sign,1,33,20769
chord_structured,8,103,sign,1,34,20170
chord_structured,8,103,sign,1,35,18897
chord_structured,8,103,sign,1,36,20261
chord_structured,8,103,sign,1,37,21500
chord_structured,8,103,sign,1,38,24490
chord_structured,8,103,sign,1,39,26289
chord_structured,8,103,sign,2,0,17170
chord_structured,8,103,sign,2,1,30492
chord_structured,8,103,sign,2,2,17496
chord_structured,8,103,sign,2,3,17454
chord_structured,8,103,sign,2,4,17404
chord_structured,8,103,sign,2,5,17532
chord_structured,8,103,sign,2,6,19179
chord_structured,8,103,sign,2,7,17488
chord_structured,8,103,sign,2,8,23236
chord_structured,8,103,sign,2,9,19170
chord_structured,8,103,sign,2,10,17529
chord_structured,8,103,sign,2,11,17570
chord_structured,8,103,sign,2,12,17423
chord_structured,8,103,sign,2,13,17830
chord_structured,8,103,sign,2,14,19324
chord_structured,8,103,sign,2,15,17622
chord_structured,8,103,sign,2,16,17541
chord_structured,8,103,sign,2,17,17576
chord_structured,8,103,sign,2,18,17494
chord_structured,8,103,sign,2,19,17524
chord_structured,8,103,sign,2,20,17430
chord_structured,8,103,sign,2,21,17472
chord_structured,8,103,sign,2,22,19247
chord_structured,8,103,sign,2,23,17469
chord_structured,8,103,sign,2,24,17465
chord_structured,8,103,sign,2,25,17588
chord_structured,8,103,sign,2,26,17499
chord_structured,8,103,sign,2,27,17470
chord_structured,8,103,sign,2,28,17496
chord_structured,8,103,sign,2,29,17567
chord_structured,8,103,sign,2,30,19140
chord_structured,8,103,sign,2,31,17599
chord_structured,8,103,sign,2,32,17494
chord_structured,8,103,sign,2,33,17535
chord_structured,8,103,sign,2,34,17537
chord_structured,8,103,sign,2,35,17490
chord_structured,8,103,sign,2,36,17522
chord_structured,8,103,sign,2,37,17463
chord_structured,8,103,sign,2,38,19207
chord_structured,8,103,sign,2,39,17490
chord_structured,8,103,verify,0,0,19694
chord_structured,8,103,verify,0,1,19760
chord_structured,8,103,verify,0,2,19863
chord_structured,8,103,verify,0,3,19848
chord_structured,8,103,verify,0,4,19743
chord_structured,8,103,verify,0,5,19862
chord_structured,8,103,verify,0,6,19792
chord_structured,8,103,verify,0,7,19764
chord_structured,8,103,verify,0,8,19804
chord_structured,8,103,verify,0,9,19799
chord_structured,8,103,verify,0,10,19780
chord_structured,8,103,verify,0,11,19778
chord_structured,8,103,verify,0,12,19732
chord_structured,8,103,verify,0,13,19815
chord_structured,8,103,verify,0,14,19715
chord_structured,8,103,verify,0,15,19765
chord_structured,8,103,verify,0,16,18799
chord_structured,8,103,verify,0,17,19791
chord_structured,8,103,verify,0,18,19773
chord_structured,8,103,verify,0,19,19858
chord_structured,8,103,verify,0,20,19760
chord_structured,8,103,verify,0,21,19778
chord_structured,8,103,verify,0,22,19801
chord_structured,8,103,verify,0,23,19701
chord_structured,8,103,verify,0,24,19747
chord_structured,8,103,verify,0,25,19701
chord_structured,8,103,verify,0,26,19761
chord_structured,8,103,verify,0,27,19726
chord_structured,8,103,verify,0,28,19780
chord_structured,8,103,verify,0,29,19797
chord_structured,8,103,verify,0,30,22611
chord_structured,8,103,verify,0,31,19763
chord_structured,8,103,verify,0,32,19803
chord_structured,8,103,verify,0,33,19709
chord_structured,8,103,verify,0,34,18610
chord_structured,8,103,verify,0,35,19808
chord_structured,8,103,verify,0,36,19715
chord_structured,8,103,verify,0,37,20002
chord_structured,8,103,verify,0,38,19808
chord_structured,8,103,verify,0,39,19814
chord_structured,8,103,verify,1,0,19708
chord_structured,8,103,verify,1,1,19798
chord_structured,8,103,verify,1,2,19717
chord_structured,8,103,verify,1,3,19822
chord_structured,8,103,verify,1,4,19713
chord_structured,8,103,verify,1,5,19770
chord_structured,8,103,verify,1,6,19770
chord_structured,8,103,verify,1,7,19761
chord_structured,8,103,verify,1,8,19753
chord_structured,8,103,verify,1,9,19763
chord_structured,8,103,verify,1,10,19781
chord_structured,8,103,verify,1,11,19944
chord_structured,8,103,verify,1,12,18751
chord_structured,8,103,verify,1,13,19816
chord_structured,8,103,verify,1,14,19854
chord_structured,8,103,verify,1,15,19765
chord_structured,8,103,verify,1,16,19838
chord_structured,8,103,verify,1,17,19730
chord_structured,8,103,verify,1,18,20819
chord_structured,8,103,verify,1,19,19730
chord_structured,8,103,verify,1,20,19853
chord_structured,8,103,verify,1,21,20053
chord_structured,8,103,verify,1,22,19848
chord_structured,8,103,verify,1,23,19734
chord_structured,8,103,verify,1,24,19826
chord_structured,8,103,verify,1,25,19762
chord_structured,8,103,verify,1,26,19777
chord_structured,8,103,verify,1,27,18827
chord_structured,8,103,verify,1,28,19826
chord_structured,8,103,verify,1,29,19788
chord_structured,8,103,verify,1,30,19775
chord_structured,8,103,verify,1,31,19858
chord_structured,8,103,verify,1,32,18808
chord_structured,8,103,verify,1,33,19755
chord_structured,8,103,verify,1,34,19798
chord_structured,8,103,verify,1,35,19742
chord_structured,8,103,verify,1,36,18727
chord_structured,8,103,verify,1,37,20010
chord_structured,8,103,verify,1,38,18642
chord_structured,8,103,verify,1,39,19754
chord_structured,8,103,verify,2,0,19674
chord_structured,8,103,verify,2,1,19812
chord_structured,8,103,verify,2,2,19748
chord_structured,8,103,verify,2,3,19641
chord_structured,8,103,verify,2,4,19824
chord_structured,8,103,verify,2,5,19774
chord_structured,8,103,verify,2,6,19818
chord_structured,8,103,verify,2,7,19756
chord_structured,8,103,verify,2,8,19812
chord_structured,8,103,verify,2,9,19822
chord_structured,8,103,verify,2,10,19864
chord_structured,8,103,verify,2,11,19791
chord_structured,8,103,verify,2,12,19800
chord_structured,8,103,verify,2,13,19784
chord_structured,8,103,verify,2,14,18656
chord_structured,8,103,verify,2,15,19768
chord_structured,8,103,verify,2,16,19781
chord_structured,8,103,verify,2,17,36969
chord_structured,8,103,verify,2,18,20289
chord_structured,8,103,verify,2,19,20252
chord_structured,8,103,verify,2,20,20207
chord_structured,8,103,verify,2,21,20274
chord_structured,8,103,verify,2,22,20221
chord_structured,8,103,verify,2,23,20300
chord_structured,8,103,verify,2,24,20346
chord_structured,8,103,verify,2,25,20269
chord_structured,8,103,verify,2,26,19028
chord_structured,8,103,verify,2,27,20341
chord_structured,8,103,verify,2,28,20260
chord_structured,8,103,verify,2,29,20200
chord_structured,8,103,verify,2,30,20233
chord_structured,8,103,verify,2,31,20230
chord_structured,8,103,verify,2,32,20246
chord_structured,8,103,verify,2,33,20274
chord_structured,8,103,verify,2,34,20350
chord_structured,8,103,verify,2,35,20352
chord_structured,8,103,verify,2,36,20283
chord_structured,8,103,verify,2,37,20245
chord_structured,8,103,verify,2,38,20193
chord_structured,8,103,verify,2,39,20221
chord_structured,16,67,keygen,0,0,3326182
chord_structured,16,67,keygen,0,1,3251900
chord_structured,16,67,keygen,0,2,3472328
chord_structured,16,67,keygen,0,3,3257483
chord_structured,16,67,keygen,0,4,3248024
chord_structured,16,67,keygen,0,5,3275832
chord_structured,16,67,keygen,0,6,3332884
chord_structured,16,67,keygen,0,7,3279599
chord_structured,16,67,keygen,0,8,3330271
chord_structured,16,67,keygen,0,9,3240931
chord_structured,16,67,keygen,0,10,3260000
chord_structured,16,67,keygen,0,11,3263529
chord_structured,16,67,keygen,0,12,3330013
chord_structured,16,67,keygen,0,13,3342621
chord_structured,16,67,keygen,0,14,3256494
chord_structured,16,67,keygen,0,15,3249822
chord_structured,16,67,keygen,0,16,3274555
chord_structured,16,67,keygen,0,17,3238963
chord_structured,16,67,keygen,0,18,3216513
chord_structured,16,67,keygen,0,19,3236547
chord_structured,16,67,keygen,1,0,3184073
chord_structured,16,67,keygen,1,1,3221257
chord_structured,16,67,keygen,1,2,3265440
chord_structured,16,67,keygen,1,3,3260293
chord_structured,16,67,keygen,1,4,3387643
chord_structured,16,67,keygen,1,5,3297996
chord_structured,16,67,keygen,1,6,3310679
chord_structured,16,67,keygen,1,7,3271901
chord_structured,16,67,keygen,1,8,3243648
chord_structured,16,67,keygen,1,9,3283473
chord_structured,16,67,keygen,1,10,3260041
chord_structured,16,67,keygen,1,11,3252193
chord_structured,16,67,keygen,1,12,3256762
chord_structured,16,67,keygen,1,13,3246263
chord_structured,16,67,keygen,1,14,3245569
chord_structured,16,67,keygen,1,15,3364281
chord_structured,16,67,keygen,1,16,3281828
chord_structured,16,67,keygen,1,17,3322139
chord_structured,16,67,keygen,1,18,3354146
chord_structured,16,67,keygen,1,19,3236498
chord_structured,16,67,keygen,2,0,3214739
chord_structured,16,67,keygen,2,1,3260862
chord_structured,16,67,keygen,2,2,3290025
chord_structured,16,67,keygen,2,3,3361639
chord_structured,16,67,keygen,2,4,3415551
chord_structured,16,67,keygen,2,5,3250968
chord_structured,16,67,keygen,2,6,3255594
chord_structured,16,67,keygen,2,7,3307174
chord_structured,16,67,keygen,2,8,3373419
chord_structured,16,67,keygen,2,9,3321750
chord_structured,16,67,keygen,2,10,3434088
chord_structured,16,67,keygen,2,11,3384274
chord_structured,16,67,keygen,2,12,3308972
chord_structured,16,67,keygen,2,13,3343402
chord_structured,16,67,keygen,2,14,3281869
chord_structured,16,67,keygen,2,15,3223918
chord_structured,16,67,keygen,2,16,3255531
chord_structured,16,67,keygen,2,17,3253592
chord_structured,16,67,keygen,2,18,3242794
chord_structured,16,67,keygen,2,19,3150510
chord_structured,16,67,sign,0,0,29512
chord_structured,16,67,sign,0,1,29570
chord_structured,16,67,sign,0,2,29596
chord_structured,16,67,sign,0,3,29690
chord_structured,16,67,sign,0,4,29674
chord_structured,16,67,sign,0,5,29596
chord_structured,16,67,sign,0,6,29589
chord_structured,16,67,sign,0,7,31193
chord_structured,16,67,sign,0,8,29633
chord_structured,16,67,sign,0,9,42669
chord_structured,16,67,sign,0,10,30211
chord_structured,16,67,sign,0,11,30287
chord_structured,16,67,sign,0,12,30297
chord_structured,16,67,sign,0,13,30182
chord_structured,16,67,sign,0,14,32340
chord_structured,16,67,sign,0,15,31936
chord_structured,16,67,sign,0,16,30209
chord_structured,16,67,sign,0,17,30402
chord_structured,16,67,sign,0,18,30267
chord_structured,16,67,sign,0,19,30198
chord_structured,16,67,sign,0,20,30193
chord_structured,16,67,sign,0,21,30194
chord_structured,16,67,sign,0,22,30129
chord_structured,16,67,sign,0,23,31744
chord_structured,16,67,sign,0,24,30322
chord_structured,16,67,sign,0,25,30339
chord_structured,16,67,sign,0,26,30266
chord_structured,16,67,sign,0,27,30329
chord_structured,16,67,sign,0,28,30142
chord_structured,16,67,sign,0,29,30268
chord_structured,16,67,sign,0,30,30171
chord_structured,16,67,sign,0,31,31712
chord_structured,16,67,sign,0,32,30267
chord_structured,16,67,sign,0,33,30145
chord_structured,16,67,sign,0,34,30217
chord_structured,16,67,sign,0,35,30272
chord_structured,16,67,sign,0,36,30131
chord_structured,16,67,sign,0,37,30291
chord_structured,16,67,sign,0,38,30257
chord_structured,16,67,sign,0,39,31642
chord_structured,16,67,sign,1,0,33415
chord_structured,16,67,sign,1,1,31712
chord_structured,16,67,sign,1,2,33351
chord_structured,16,67,sign,1,3,31828
chord_structured,16,67,sign,1,4,31786
chord_structured,16,67,sign,1,5,31762
chord_structured,16,67,sign,1,6,31640
chord_structured,16,67,sign,1,7,31705
chord_structured,16,67,sign,1,8,31754
chord_structured,16,67,sign,1,9,31877
chord_structured,16,67,sign,1,10,33369
chord_structured,16,67,sign,1,11,31787
chord_structured,16,67,sign,1,12,31715
chord_structured,16,67,sign,1,13,31775
chord_structured,16,67,sign,1,14,31818
chord_structured,16,67,sign,1,15,31809
chord_structured,16,67,sign,1,16,31637
chord_structured,16,67,sign,1,17,31774
chord_structured,16,67,sign,1,18,33291
chord_structured,16,67,sign,1,19,32031
chord_structured,16,67,sign,1,20,31748
chord_structured,16,67,sign,1,21,31679
chord_structured,16,67,sign,1,22,31696
chord_structured,16,67,sign,1,23,31577
chord_structured,16,67,sign,1,24,31782
chord_structured,16,67,sign,1,25,31613
chord_structured,16,67,sign,1,26,33484
chord_structured,16,67,sign,1,27,31884
chord_structured,16,67,sign,1,28,31725
chord_structured,16,67,sign,1,29,31703
chord_structured,16,67,sign,1,30,33557
chord_structured,16,67,sign,1,31,31650
chord_structured,16,67,sign,1,32,31806
chord_structured,16,67,sign,1,33,31710
chord_structured,16,67,sign,1,34,33298
chord_structured,16,67,sign,1,35,31605
chord_structured,16,67,sign,1,36,31738
chord_structured,16,67,sign,1,37,31728
chord_structured,16,67,sign,1,38,31754
chord_structured,16,67,sign,1,39,31661
chord_structured,16,67,sign,2,0,31889
chord_structured,16,67,sign,2,1,31775
chord_structured,16,67,sign,2,2,31666
chord_structured,16,67,sign,2,3,31755
chord_structured,16,67,sign,2,4,31667
chord_structured,16,67,sign,2,5,33320
chord_structured,16,67,sign,2,6,31697
chord_structured,16,67,sign,2,7,31675
chord_structured,16,67,sign,2,8,31730
chord_structured,16,67,sign,2,9,31569
chord_structured,16,67,sign,2,10,31589
chord_structured,16,67,sign,2,11,31853
chord_structured,16,67,sign,2,12,31694
chord_structured,16,67,sign,2,13,33226
chord_structured,16,67,sign,2,14,31704
chord_structured,16,67,sign,2,15,31752
chord_structured,16,67,sign,2,16,33412
chord_structured,16,67,sign,2,17,31631
chord_structured,16,67,sign,2,18,31703
chord_structured,16,67,sign,2,19,31635
chord_structured,16,67,sign,2,20,31662
chord_structured,16,67,sign,2,21,33422
chord_structured,16,67,sign,2,22,31691
chord_structured,16,67,sign,2,23,31753
chord_structured,16,67,sign,2,24,31682
chord_structured,16,67,sign,2,25,31751
chord_structured,16,67,sign,2,26,31624
chord_structured,16,67,sign,2,27,31641
chord_structured,16,67,sign,2,28,31795
chord_structured,16,67,sign,2,29,33564
chord_structured,16,67,sign,2,30,31554
chord_structured,16,67,sign,2,31,31720
chord_structured,16,67,sign,2,32,31646
chord_structured,16,67,sign,2,33,31746
chord_structured,16,67,sign,2,34,31695
chord_structured,16,67,sign,2,35,31598
chord_structured,16,67,sign,2,36,31873
chord_structured,16,67,sign,2,37,33301
chord_structured,16,67,sign,2,38,31829
chord_structured,16,67,sign,2,39,31711
chord_structured,16,67,verify,0,0,75085
chord_structured,16,67,verify,0,1,75482
chord_structured,16,67,verify,0,2,75354
chord_structured,16,67,verify,0,3,75364
chord_structured,16,67,verify,0,4,75342
chord_structured,16,67,verify,0,5,75218
chord_structured,16,67,verify,0,6,75295
chord_structured,16,67,verify,0,7,77036
chord_structured,16,67,verify,0,8,71611
chord_structured,16,67,verify,0,9,75199
chord_structured,16,67,verify,0,10,75179
chord_structured,16,67,verify,0,11,75326
chord_structured,16,67,verify,0,12,71729
chord_structured,16,67,verify,0,13,75169
chord_structured,16,67,verify,0,14,71608
chord_structured,16,67,verify,0,15,75305
chord_structured,16,67,verify,0,16,75350
chord_structured,16,67,verify,0,17,75305
chord_structured,16,67,verify,0,18,71879
chord_structured,16,67,verify,0,19,75351
chord_structured,16,67,verify,0,20,75408
chord_structured,16,67,verify,0,21,77018
chord_structured,16,67,verify,0,22,75258
chord_structured,16,67,verify,0,23,75316
chord_structured,16,67,verify,0,24,71518
chord_structured,16,67,verify,0,25,75259
chord_structured,16,67,verify,0,26,71820
chord_structured,16,67,verify,0,27,75329
chord_structured,16,67,verify,0,28,75330
chord_structured,16,67,verify,0,29,71885
chord_structured,16,67,verify,0,30,75401
chord_structured,16,67,verify,0,31,75369
chord_structured,16,67,verify,0,32,77951
chord_structured,16,67,verify,0,33,75339
chord_structured,16,67,verify,0,34,73430
chord_structured,16,67,verify,0,35,71625
chord_structured,16,67,verify,0,36,71595
chord_structured,16,67,verify,0,37,71497
chord_structured,16,67,verify,0,38,71765
chord_structured,16,67,verify,0,39,71790
chord_structured,16,67,verify,1,0,73240
chord_structured,16,67,verify,1,1,73531
chord_structured,16,67,verify,1,2,73717
chord_structured,16,67,verify,1,3,73526
chord_structured,16,67,verify,1,4,73424
chord_structured,16,67,verify,1,5,73496
chord_structured,16,67,verify,1,6,73429
chord_structured,16,67,verify,1,7,69941
chord_structured,16,67,verify,1,8,69821
chord_structured,16,67,verify,1,9,73454
chord_structured,16,67,verify,1,10,76118
chord_structured,16,67,verify,1,11,73446
chord_structured,16,67,verify,1,12,75838
chord_structured,16,67,verify,1,13,69991
chord_structured,16,67,verify,1,14,73538
chord_structured,16,67,verify,1,15,73466
chord_structured,16,67,verify,1,16,73481
chord_structured,16,67,verify,1,17,73338
chord_structured,16,67,verify,1,18,73462
chord_structured,16,67,verify,1,19,69922
chord_structured,16,67,verify,1,20,70036
chord_structured,16,67,verify,1,21,73477
chord_structured,16,67,verify,1,22,69936
chord_structured,16,67,verify,1,23,73524
chord_structured,16,67,verify,1,24,76406
chord_structured,16,67,verify,1,25,73416
chord_structured,16,67,verify,1,26,75041
chord_structured,16,67,verify,1,27,73450
chord_structured,16,67,verify,1,28,65728
chord_structured,16,67,verify,1,29,73388
chord_structured,16,67,verify,1,30,73449
chord_structured,16,67,verify,1,31,73396
chord_structured,16,67,verify,1,32,70108
chord_structured,16,67,verify,1,33,73455
chord_structured,16,67,verify,1,34,66385
chord_structured,16,67,verify,1,35,69530
chord_structured,16,67,verify,1,36,73350
chord_structured,16,67,verify,1,37,73517
chord_structured,16,67,verify,1,38,73578
chord_structured,16,67,verify,1,39,73383
chord_structured,16,67,verify,2,0,73271
chord_structured,16,67,verify,2,1,73405
chord_structured,16,67,verify,2,2,73469
chord_structured,16,67,verify,2,3,73500
chord_structured,16,67,verify,2,4,73545
chord_structured,16,67,verify,2,5,75109
chord_structured,16,67,verify,2,6,73458
chord_structured,16,67,verify,2,7,73473
chord_structured,16,67,verify,2,8,73557
chord_structured,16,67,verify,2,9,73358
chord_structured,16,67,verify,2,10,73338
chord_structured,16,67,verify,2,11,69988
chord_structured,16,67,verify,2,12,70103
chord_structured,16,67,verify,2,13,73547
chord_structured,16,67,verify,2,14,73407
chord_structured,16,67,verify,2,15,73349
chord_structured,16,67,verify,2,16,73440
chord_structured,16,67,verify,2,17,73438
chord_structured,16,67,verify,2,18,75308
chord_structured,16,67,verify,2,19,73441
chord_structured,16,67,verify,2,20,73528
chord_structured,16,67,verify,2,21,73576
chord_structured,16,67,verify,2,22,73464
chord_structured,16,67,verify,2,23,73443
chord_structured,16,67,verify,2,24,73383
chord_structured,16,67,verify,2,25,69437
chord_structured,16,67,verify,2,26,73427
chord_structured,16,67,verify,2,27,73443
chord_structured,16,67,verify,2,28,73391
chord_structured,16,67,verify,2,29,73421
chord_structured,16,67,verify,2,30,73432
chord_structured,16,67,verify,2,31,73433
chord_structured,16,67,verify,2,32,74869
chord_structured,16,67,verify,2,33,73476
chord_structured,16,67,verify,2,34,73389
chord_structured,16,67,verify,2,35,73326
chord_structured,16,67,verify,2,36,73413
chord_structured,16,67,verify,2,37,73368
chord_structured,16,67,verify,2,38,69761
chord_structured,16,67,verify,2,39,73408
chord_structured,32,131,keygen,0,0,39711207
chord_structured,32,131,keygen,0,1,34515411
chord_structured,32,131,keygen,0,2,34919063
chord_structured,32,131,keygen,0,3,35744838
chord_structured,32,131,keygen,0,4,36113691
chord_structured,32,131,keygen,0,5,35673443
chord_structured,32,131,keygen,0,6,35352973
chord_structured,32,131,keygen,0,7,35840087
chord_structured,32,131,keygen,0,8,36170970
chord_structured,32,131,keygen,0,9,35500742
chord_structured,32,131,keygen,0,10,34817733
chord_structured,32,131,keygen,0,11,35576633
chord_structured,32,131,keygen,0,12,35356963
chord_structured,32,131,keygen,0,13,35250788
chord_structured,32,131,keygen,0,14,35289360
chord_structured,32,131,keygen,0,15,35190999
chord_structured,32,131,keygen,0,16,35143936
chord_structured,32,131,keygen,0,17,35696041
chord_structured,32,131,keygen,0,18,35202056
chord_structured,32,131,keygen,0,19,35533695
chord_structured,32,131,keygen,1,0,36842091
chord_structured,32,131,keygen,1,1,38849890
chord_structured,32,131,keygen,1,2,36243106
chord_structured,32,131,keygen,1,3,36773275
chord_structured,32,131,keygen,1,4,35020332
chord_structured,32,131,keygen,1,5,35573843
chord_structured,32,131,keygen,1,6,35940842
chord_structured,32,131,keygen,1,7,41977287
chord_structured,32,131,keygen,1,8,36894549
chord_structured,32,131,keygen,1,9,34791329
chord_structured,32,131,keygen,1,10,35246101
chord_structured,32,131,keygen,1,11,36320788
chord_structured,32,131,keygen,1,12,35983486
chord_structured,32,131,keygen,1,13,35520013
chord_structured,32,131,keygen,1,14,35422758
chord_structured,32,131,keygen,1,15,35840905
chord_structured,32,131,keygen,1,16,36098100
chord_structured,32,131,keygen,1,17,35781154
chord_structured,32,131,keygen,1,18,36184141
chord_structured,32,131,keygen,1,19,37918351
chord_structured,32,131,keygen,2,0,34851869
chord_structured,32,131,keygen,2,1,35119034
chord_structured,32,131,keygen,2,2,35550625
chord_structured,32,131,keygen,2,3,35377537
chord_structured,32,131,keygen,2,4,35519519
chord_structured,32,131,keygen,2,5,35638996
chord_structured,32,131,keygen,2,6,35953401
chord_structured,32,131,keygen,2,7,35648450
chord_structured,32,131,keygen,2,8,35814845
chord_structured,32,131,keygen,2,9,36359975
chord_structured,32,131,keygen,2,10,35933666
chord_structured,32,131,keygen,2,11,35980804
chord_structured,32,131,keygen,2,12,35686747
chord_structured,32,131,keygen,2,13,35669693
chord_structured,32,131,keygen,2,14,36021973
chord_structured,32,131,keygen,2,15,42220547
chord_structured,32,131,keygen,2,16,38614000
chord_structured,32,131,keygen,2,17,34250898
chord_structured,32,131,keygen,2,18,35051800
chord_structured,32,131,keygen,2,19,36145324
chord_structured,32,131,sign,0,0,81160
chord_structured,32,131,sign,0,1,81152
chord_structured,32,131,sign,0,2,81139
chord_structured,32,131,sign,0,3,80969
chord_structured,32,131,sign,0,4,81184
chord_structured,32,131,sign,0,5,82683
chord_structured,32,131,sign,0,6,81085
chord_structured,32,131,sign,0,7,93816
chord_structured,32,131,sign,0,8,82925
chord_structured,32,131,sign,0,9,85378
chord_structured,32,131,sign,0,10,82939
chord_structured,32,131,sign,0,11,83123
chord_structured,32,131,sign,0,12,82960
chord_structured,32,131,sign,0,13,84593
chord_structured,32,131,sign,0,14,83108
chord_structured,32,131,sign,0,15,83183
chord_structured,32,131,sign,0,16,83184
chord_structured,32,131,sign,0,17,83079
chord_structured,32,131,sign,0,18,82990
chord_structured,32,131,sign,0,19,83162
chord_structured,32,131,sign,0,20,87444
chord_structured,32,131,sign,0,21,86518
chord_structured,32,131,sign,0,22,82824
chord_structured,32,131,sign,0,23,83176
chord_structured,32,131,sign,0,24,82957
chord_structured,32,131,sign,0,25,82832
chord_structured,32,131,sign,0,26,82952
chord_structured,32,131,sign,0,27,83241
chord_structured,32,131,sign,0,28,83041
chord_structured,32,131,sign,0,29,84612
chord_structured,32,131,sign,0,30,82879
chord_structured,32,131,sign,0,31,95054
chord_structured,32,131,sign,0,32,80933
chord_structured,32,131,sign,0,33,82387
chord_structured,32,131,sign,0,34,80965
chord_structured,32,131,sign,0,35,81123
chord_structured,32,131,sign,0,36,82797
chord_structured,32,131,sign,0,37,82716
chord_structured,32,131,sign,0,38,80846
chord_structured,32,131,sign,0,39,81000
chord_structured,32,131,sign,1,0,94186
chord_structured,32,131,sign,1,1,81002
chord_structured,32,131,sign,1,2,81111
chord_structured,32,131,sign,1,3,81072
chord_structured,32,131,sign,1,4,81000
chord_structured,32,131,sign,1,5,80813
chord_structured,32,131,sign,1,6,81046
chord_structured,32,131,sign,1,7,81060
chord_structured,32,131,sign,1,8,82627
chord_structured,32,131,sign,1,9,80823
chord_structured,32,131,sign,1,10,81219
chord_structured,32,131,sign,1,11,80867
chord_structured,32,131,sign,1,12,83142
chord_structured,32,131,sign,1,13,81062
chord_structured,32,131,sign,1,14,81172
chord_structured,32,131,sign,1,15,80726
chord_structured,32,131,sign,1,16,84517
chord_structured,32,131,sign,1,17,80942
chord_structured,32,131,sign,1,18,81249
chord_structured,32,131,sign,1,19,81375
chord_structured,32,131,sign,1,20,81059
chord_structured,32,131,sign,1,21,81188
chord_structured,32,131,sign,1,22,96881
chord_structured,32,131,sign,1,23,84414
chord_structured,32,131,sign,1,24,87353
chord_structured,32,131,sign,1,25,83359
chord_structured,32,131,sign,1,26,83030
chord_structured,32,131,sign,1,27,83341
chord_structured,32,131,sign,1,28,83500
chord_structured,32,131,sign,1,29,84603
chord_structured,32,131,sign,1,30,90806
chord_structured,32,131,sign,1,31,100195
chord_structured,32,131,sign,1,32,102007
chord_structured,32,131,sign,1,33,95815
chord_structured,32,131,sign,1,34,95703
chord_structured,32,131,sign,1,35,88695
chord_structured,32,131,sign,1,36,83135
chord_structured,32,131,sign,1,37,85000
chord_structured,32,131,sign,1,38,84989
chord_structured,32,131,sign,1,39,83040
chord_structured,32,131,sign,2,0,96569
chord_structured,32,131,sign,2,1,81319
chord_structured,32,131,sign,2,2,84292
chord_structured,32,131,sign,2,3,82921
chord_structured,32,131,sign,2,4,81040
chord_structured,32,131,sign,2,5,81273
chord_structured,32,131,sign,2,6,80969
chord_structured,32,131,sign,2,7,81007
chord_structured,32,131,sign,2,8,81017
chord_structured,32,131,sign,2,9,82844
chord_structured,32,131,sign,2,10,95220
chord_structured,32,131,sign,2,11,129335
chord_structured,32,131,sign,2,12,106504
chord_structured,32,131,sign,2,13,87724
chord_structured,32,131,sign,2,14,83326
chord_structured,32,131,sign,2,15,83091
chord_structured,32,131,sign,2,16,82902
chord_structured,32,131,sign,2,17,83287
chord_structured,32,131,sign,2,18,83194
chord_structured,32,131,sign,2,19,84664
chord_structured,32,131,sign,2,20,83331
chord_structured,32,131,sign,2,21,82978
chord_structured,32,131,sign,2,22,82947
chord_structured,32,131,sign,2,23,97135
chord_structured,32,131,sign,2,24,85090
chord_structured,32,131,sign,2,25,87131
chord_structured,32,131,sign,2,26,85118
chord_structured,32,131,sign,2,27,86943
chord_structured,32,131,sign,2,28,84892
chord_structured,32,131,sign,2,29,85069
chord_structured,32,131,sign,2,30,85124
chord_structured,32,131,sign,2,31,85096
chord_structured,32,131,sign,2,32,85226
chord_structured,32,131,sign,2,33,85240
chord_structured,32,131,sign,2,34,85102
chord_structured,32,131,sign,2,35,87037
chord_structured,32,131,sign,2,36,87016
chord_structured,32,131,sign,2,37,85294
chord_structured,32,131,sign,2,38,85121
chord_structured,32,131,sign,2,39,85053
chord_structured,32,131,verify,0,0,480650
chord_structured,32,131,verify,0,1,479010
chord_structured,32,131,verify,0,2,496444
chord_structured,32,131,verify,0,3,496766
chord_structured,32,131,verify,0,4,494791
chord_structured,32,131,verify,0,5,490374
chord_structured,32,131,verify,0,6,490347
chord_structured,32,131,verify,0,7,478692
chord_structured,32,131,verify,0,8,478282
chord_structured,32,131,verify,0,9,503176
chord_structured,32,131,verify,0,10,495649
chord_structured,32,131,verify,0,11,494418
chord_structured,32,131,verify,0,12,490151
chord_structured,32,131,verify,0,13,496044
chord_structured,32,131,verify,0,14,489785
chord_structured,32,131,verify,0,15,492131
chord_structured,32,131,verify,0,16,489454
chord_structured,32,131,verify,0,17,489854
chord_structured,32,131,verify,0,18,491381
chord_structured,32,131,verify,0,19,475985
chord_structured,32,131,verify,0,20,491135
chord_structured,32,131,verify,0,21,500178
chord_structured,32,131,verify,0,22,479110
chord_structured,32,131,verify,0,23,488976
chord_structured,32,131,verify,0,24,467567
chord_structured,32,131,verify,0,25,465703
chord_structured,32,131,verify,0,26,467520
chord_structured,32,131,verify,0,27,466415
chord_structured,32,131,verify,0,28,453882
chord_structured,32,131,verify,0,29,465981
chord_structured,32,131,verify,0,30,467610
chord_structured,32,131,verify,0,31,465861
chord_structured,32,131,verify,0,32,467348
chord_structured,32,131,verify,0,33,453220
chord_structured,32,131,verify,0,34,467611
chord_structured,32,131,verify,0,35,465855
chord_structured,32,131,verify,0,36,465701
chord_structured,32,131,verify,0,37,467900
chord_structured,32,131,verify,0,38,465893
chord_structured,32,131,verify,0,39,467592
chord_structured,32,131,verify,1,0,516075
chord_structured,32,131,verify,1,1,490480
chord_structured,32,131,verify,1,2,528356
chord_structured,32,131,verify,1,3,490411
chord_structured,32,131,verify,1,4,502433
chord_structured,32,131,verify,1,5,505543
chord_structured,32,131,verify,1,6,513911
chord_structured,32,131,verify,1,7,491703
chord_structured,32,131,verify,1,8,489866
chord_structured,32,131,verify,1,9,464167
chord_structured,32,131,verify,1,10,489701
chord_structured,32,131,verify,1,11,491975
chord_structured,32,131,verify,1,12,489861
chord_structured,32,131,verify,1,13,478279
chord_structured,32,131,verify,1,14,489808
chord_structured,32,131,verify,1,15,491461
chord_structured,32,131,verify,1,16,489828
chord_structured,32,131,verify,1,17,516433
chord_structured,32,131,verify,1,18,502967
chord_structured,32,131,verify,1,19,491553
chord_structured,32,131,verify,1,20,489594
chord_structured,32,131,verify,1,21,491483
chord_structured,32,131,verify,1,22,489676
chord_structured,32,131,verify,1,23,492235
chord_structured,32,131,verify,1,24,492438
chord_structured,32,131,verify,1,25,478040
chord_structured,32,131,verify,1,26,489722
chord_structured,32,131,verify,1,27,491719
chord_structured,32,131,verify,1,28,489540
chord_structured,32,131,verify,1,29,491242
chord_structured,32,131,verify,1,30,491494
chord_structured,32,131,verify,1,31,478072
chord_structured,32,131,verify,1,32,531553
chord_structured,32,131,verify,1,33,495499
chord_structured,32,131,verify,1,34,490841
chord_structured,32,131,verify,1,35,495283
chord_structured,32,131,verify,1,36,476829
chord_structured,32,131,verify,1,37,493801
chord_structured,32,131,verify,1,38,490025
chord_structured,32,131,verify,1,39,492229
chord_structured,32,131,verify,2,0,489189
chord_structured,32,131,verify,2,1,480168
chord_structured,32,131,verify,2,2,476032
chord_structured,32,131,verify,2,3,501216
chord_structured,32,131,verify,2,4,464182
chord_structured,32,131,verify,2,5,487108
chord_structured,32,131,verify,2,6,454957
chord_structured,32,131,verify,2,7,439719
chord_structured,32,131,verify,2,8,467866
chord_structured,32,131,verify,2,9,465573
chord_structured,32,131,verify,2,10,468182
chord_structured,32,131,verify,2,11,465746
chord_structured,32,131,verify,2,12,441331
chord_structured,32,131,verify,2,13,465581
chord_structured,32,131,verify,2,14,467618
chord_structured,32,131,verify,2,15,452839
chord_structured,32,131,verify,2,16,467591
chord_structured,32,131,verify,2,17,467602
chord_structured,32,131,verify,2,18,465997
chord_structured,32,131,verify,2,19,454999
chord_structured,32,131,verify,2,20,453208
chord_structured,32,131,verify,2,21,454715
chord_structured,32,131,verify,2,22,465987
chord_structured,32,131,verify,2,23,467786
chord_structured,32,131,verify,2,24,467802
chord_structured,32,131,verify,2,25,454675
chord_structured,32,131,verify,2,26,465892
chord_structured,32,131,verify,2,27,454703
chord_structured,32,131,verify,2,28,453204
chord_structured,32,131,verify,2,29,453064
chord_structured,32,131,verify,2,30,454558
chord_structured,32,131,verify,2,31,467697
chord_structured,32,131,verify,2,32,468526
chord_structured,32,131,verify,2,33,465901
chord_structured,32,131,verify,2,34,467521
chord_structured,32,131,verify,2,35,465999
chord_structured,32,131,verify,2,36,467550
chord_structured,32,131,verify,2,37,465916
chord_structured,32,131,verify,2,38,468182
chord_structured,32,131,verify,2,39,465856
chord_structured,48,389,keygen,0,0,160451338
chord_structured,48,389,keygen,0,1,166240292
chord_structured,48,389,keygen,0,2,169542766
chord_structured,48,389,keygen,0,3,159027866
chord_structured,48,389,keygen,0,4,164691366
chord_structured,48,389,keygen,0,5,159856062
chord_structured,48,389,keygen,0,6,160135911
chord_structured,48,389,keygen,0,7,166630097
chord_structured,48,389,keygen,0,8,169501789
chord_structured,48,389,keygen,0,9,159437537
chord_structured,48,389,keygen,0,10,181327679
chord_structured,48,389,keygen,0,11,160674644
chord_structured,48,389,keygen,0,12,161649182
chord_structured,48,389,keygen,0,13,162077880
chord_structured,48,389,keygen,0,14,171871047
chord_structured,48,389,keygen,0,15,160740964
chord_structured,48,389,keygen,0,16,161231994
chord_structured,48,389,keygen,0,17,162601186
chord_structured,48,389,keygen,0,18,162481440
chord_structured,48,389,keygen,0,19,161434743
chord_structured,48,389,keygen,1,0,165331535
chord_structured,48,389,keygen,1,1,163131911
chord_structured,48,389,keygen,1,2,160866686
chord_structured,48,389,keygen,1,3,160173626
chord_structured,48,389,keygen,1,4,164037571
chord_structured,48,389,keygen,1,5,164667612
chord_structured,48,389,keygen,1,6,170988762
chord_structured,48,389,keygen,1,7,164687298
chord_structured,48,389,keygen,1,8,162213105
chord_structured,48,389,keygen,1,9,160697573
chord_structured,48,389,keygen,1,10,160778610
chord_structured,48,389,keygen,1,11,162043271
chord_structured,48,389,keygen,1,12,160256785
chord_structured,48,389,keygen,1,13,177438799
chord_structured,48,389,keygen,1,14,160425959
chord_structured,48,389,keygen,1,15,159939461
chord_structured,48,389,keygen,1,16,160861946
chord_structured,48,389,keygen,1,17,161933625
chord_structured,48,389,keygen,1,18,160428270
chord_structured,48,389,keygen,1,19,169222050
chord_structured,48,389,keygen,2,0,161659804
chord_structured,48,389,keygen,2,1,160618609
chord_structured,48,389,keygen,2,2,163958005
chord_structured,48,389,keygen,2,3,163978682
chord_structured,48,389,keygen,2,4,168007140
chord_structured,48,389,keygen,2,5,177626972
chord_structured,48,389,keygen,2,6,168454212
chord_structured,48,389,keygen,2,7,168075915
chord_structured,48,389,keygen,2,8,167951100
chord_structured,48,389,keygen,2,9,168002297
chord_structured,48,389,keygen,2,10,169462088
chord_structured,48,389,keygen,2,11,176276157
chord_structured,48,389,keygen,2,12,170748595
chord_structured,48,389,keygen,2,13,168587651
chord_structured,48,389,keygen,2,14,168005839
chord_structured,48,389,keygen,2,15,168665888
chord_structured,48,389,keygen,2,16,168394842
chord_structured,48,389,keygen,2,17,174290665
chord_structured,48,389,keygen,2,18,169695847
chord_structured,48,389,keygen,2,19,171706330
chord_structured,48,389,sign,0,0,173380
chord_structured,48,389,sign,0,1,173214
chord_structured,48,389,sign,0,2,172912
chord_structured,48,389,sign,0,3,174732
chord_structured,48,389,sign,0,4,174829
chord_structured,48,389,sign,0,5,172995
chord_structured,48,389,sign,0,6,173317
chord_structured,48,389,sign,0,7,173000
chord_structured,48,389,sign,0,8,174976
chord_structured,48,389,sign,0,9,173210
chord_structured,48,389,sign,0,10,172946
chord_structured,48,389,sign,0,11,173028
chord_structured,48,389,sign,0,12,174756
chord_structured,48,389,sign,0,13,173114
chord_structured,48,389,sign,0,14,174351
chord_structured,48,389,sign,0,15,172931
chord_structured,48,389,sign,0,16,172922
chord_structured,48,389,sign,0,17,172504
chord_structured,48,389,sign,0,18,173039
chord_structured,48,389,sign,0,19,173129
chord_structured,48,389,sign,0,20,176382
chord_structured,48,389,sign,0,21,173221
chord_structured,48,389,sign,0,22,173093
chord_structured,48,389,sign,0,23,173386
chord_structured,48,389,sign,0,24,173007
chord_structured,48,389,sign,0,25,172963
chord_structured,48,389,sign,0,26,174401
chord_structured,48,389,sign,0,27,172845
chord_structured,48,389,sign,0,28,174669
chord_structured,48,389,sign,0,29,172961
chord_structured,48,389,sign,0,30,173181
chord_structured,48,389,sign,0,31,175998
chord_structured,48,389,sign,0,32,173525
chord_structured,48,389,sign,0,33,172887
chord_structured,48,389,sign,0,34,172896
chord_structured,48,389,sign,0,35,172840
chord_structured,48,389,sign,0,36,174692
chord_structured,48,389,sign,0,37,174630
chord_structured,48,389,sign,0,38,173152
chord_structured,48,389,sign,0,39,172970
chord_structured,48,389,sign,1,0,173164
chord_structured,48,389,sign,1,1,172862
chord_structured,48,389,sign,1,2,172682
chord_structured,48,389,sign,1,3,173038
chord_structured,48,389,sign,1,4,174624
chord_structured,48,389,sign,1,5,173153
chord_structured,48,389,sign,1,6,173063
chord_structured,48,389,sign,1,7,174609
chord_structured,48,389,sign,1,8,172855
chord_structured,48,389,sign,1,9,175507
chord_structured,48,389,sign,1,10,173359
chord_structured,48,389,sign,1,11,172825
chord_structured,48,389,sign,1,12,173237
chord_structured,48,389,sign,1,13,172856
chord_structured,48,389,sign,1,14,173233
chord_structured,48,389,sign,1,15,176737
chord_structured,48,389,sign,1,16,173405
chord_structured,48,389,sign,1,17,172927
chord_structured,48,389,sign,1,18,173182
chord_structured,48,389,sign,1,19,173202
chord_structured,48,389,sign,1,20,172955
chord_structured,48,389,sign,1,21,175326
chord_structured,48,389,sign,1,22,173301
chord_structured,48,389,sign,1,23,174915
chord_structured,48,389,sign,1,24,173043
chord_structured,48,389,sign,1,25,173207
chord_structured,48,389,sign,1,26,173006
chord_structured,48,389,sign,1,27,174749
chord_structured,48,389,sign,1,28,172981
chord_structured,48,389,sign,1,29,173201
chord_structured,48,389,sign,1,30,173274
chord_structured,48,389,sign,1,31,174901
chord_structured,48,389,sign,1,32,174353
chord_structured,48,389,sign,1,33,172788
chord_structured,48,389,sign,1,34,172904
chord_structured,48,389,sign,1,35,172901
chord_structured,48,389,sign,1,36,173208
chord_structured,48,389,sign,1,37,172930
chord_structured,48,389,sign,1,38,174601
chord_structured,48,389,sign,1,39,174949
chord_structured,48,389,sign,2,0,173257
chord_structured,48,389,sign,2,1,173141
chord_structured,48,389,sign,2,2,174869
chord_structured,48,389,sign,2,3,172975
chord_structured,48,389,sign,2,4,172987
chord_structured,48,389,sign,2,5,174685
chord_structured,48,389,sign,2,6,172932
chord_structured,48,389,sign,2,7,172986
chord_structured,48,389,sign,2,8,172846
chord_structured,48,389,sign,2,9,172907
chord_structured,48,389,sign,2,10,176291
chord_structured,48,389,sign,2,11,173193
chord_structured,48,389,sign,2,12,173037
chord_structured,48,389,sign,2,13,173067
chord_structured,48,389,sign,2,14,173127
chord_structured,48,389,sign,2,15,172813
chord_structured,48,389,sign,2,16,174320
chord_structured,48,389,sign,2,17,173227
chord_structured,48,389,sign,2,18,174524
chord_structured,48,389,sign,2,19,173168
chord_structured,48,389,sign,2,20,173026
chord_structured,48,389,sign,2,21,173051
chord_structured,48,389,sign,2,22,174874
chord_structured,48,389,sign,2,23,173135
chord_structured,48,389,sign,2,24,172794
chord_structured,48,389,sign,2,25,172891
chord_structured,48,389,sign,2,26,174771
chord_structured,48,389,sign,2,27,172797
chord_structured,48,389,sign,2,28,174620
chord_structured,48,389,sign,2,29,172863
chord_structured,48,389,sign,2,30,172890
chord_structured,48,389,sign,2,31,173388
chord_structured,48,389,sign,2,32,173121
chord_structured,48,389,sign,2,33,174333
chord_structured,48,389,sign,2,34,174669
chord_structured,48,389,sign,2,35,172898
chord_structured,48,389,sign,2,36,172681
chord_structured,48,389,sign,2,37,172851
chord_structured,48,389,sign,2,38,173098
chord_structured,48,389,sign,2,39,174221
chord_structured,48,389,verify,0,0,1566385
chord_structured,48,389,verify,0,1,1567474
chord_structured,48,389,verify,0,2,1565252
chord_structured,48,389,verify,0,3,1566911
chord_structured,48,389,verify,0,4,1565583
chord_structured,48,389,verify,0,5,1566942
chord_structured,48,389,verify,0,6,1565707
chord_structured,48,389,verify,0,7,1568033
chord_structured,48,389,verify,0,8,1567730
chord_structured,48,389,verify,0,9,1565297
chord_structured,48,389,verify,0,10,1566780
chord_structured,48,389,verify,0,11,1565818
chord_structured,48,389,verify,0,12,1566943
chord_structured,48,389,verify,0,13,1565565
chord_structured,48,389,verify,0,14,1566924
chord_structured,48,389,verify,0,15,1565537
chord_structured,48,389,verify,0,16,1567141
chord_structured,48,389,verify,0,17,1567466
chord_structured,48,389,verify,0,18,1565522
chord_structured,48,389,verify,0,19,1567276
chord_structured,48,389,verify,0,20,1565525
chord_structured,48,389,verify,0,21,1567052
chord_structured,48,389,verify,0,22,1565301
chord_structured,48,389,verify,0,23,1536610
chord_structured,48,389,verify,0,24,1567096
chord_structured,48,389,verify,0,25,1565218
chord_structured,48,389,verify,0,26,1567761
chord_structured,48,389,verify,0,27,1565334
chord_structured,48,389,verify,0,28,1567529
chord_structured,48,389,verify,0,29,1538205
chord_structured,48,389,verify,0,30,1569381
chord_structured,48,389,verify,0,31,1567244
chord_structured,48,389,verify,0,32,1565596
chord_structured,48,389,verify,0,33,1566915
chord_structured,48,389,verify,0,34,1565303
chord_structured,48,389,verify,0,35,1595905
chord_structured,48,389,verify,0,36,1623857
chord_structured,48,389,verify,0,37,1611277
chord_structured,48,389,verify,0,38,1592879
chord_structured,48,389,verify,0,39,1587603
chord_structured,48,389,verify,1,0,1567805
chord_structured,48,389,verify,1,1,1567123
chord_structured,48,389,verify,1,2,1568346
chord_structured,48,389,verify,1,3,1566937
chord_structured,48,389,verify,1,4,1568265
chord_structured,48,389,verify,1,5,1566581
chord_structured,48,389,verify,1,6,1568032
chord_structured,48,389,verify,1,7,1568633
chord_structured,48,389,verify,1,8,1566427
chord_structured,48,389,verify,1,9,1568581
chord_structured,48,389,verify,1,10,1566882
chord_structured,48,389,verify,1,11,1568378
chord_structured,48,389,verify,1,12,1566640
chord_structured,48,389,verify,1,13,1569172
chord_structured,48,389,verify,1,14,1568221
chord_structured,48,389,verify,1,15,1566543
chord_structured,48,389,verify,1,16,1567965
chord_structured,48,389,verify,1,17,1566874
chord_structured,48,389,verify,1,18,1568202
chord_structured,48,389,verify,1,19,1566715
chord_structured,48,389,verify,1,20,1568177
chord_structured,48,389,verify,1,21,1568108
chord_structured,48,389,verify,1,22,1566277
chord_structured,48,389,verify,1,23,1537851
chord_structured,48,389,verify,1,24,1566483
chord_structured,48,389,verify,1,25,1567968
chord_structured,48,389,verify,1,26,1566641
chord_structured,48,389,verify,1,27,1568505
chord_structured,48,389,verify,1,28,1567978
chord_structured,48,389,verify,1,29,1566285
chord_structured,48,389,verify,1,30,1567855
chord_structured,48,389,verify,1,31,1566986
chord_structured,48,389,verify,1,32,1568329
chord_structured,48,389,verify,1,33,1566693
chord_structured,48,389,verify,1,34,1537620
chord_structured,48,389,verify,1,35,1566329
chord_structured,48,389,verify,1,36,1568322
chord_structured,48,389,verify,1,37,1569199
chord_structured,48,389,verify,1,38,1566522
chord_structured,48,389,verify,1,39,1568026
chord_structured,48,389,verify,2,0,1565582
chord_structured,48,389,verify,2,1,1568110
chord_structured,48,389,verify,2,2,1572474
chord_structured,48,389,verify,2,3,1569271
chord_structured,48,389,verify,2,4,1566176
chord_structured,48,389,verify,2,5,1568244
chord_structured,48,389,verify,2,6,1569678
chord_structured,48,389,verify,2,7,1569879
chord_structured,48,389,verify,2,8,1597237
chord_structured,48,389,verify,2,9,1625314
chord_structured,48,389,verify,2,10,1753687
chord_structured,48,389,verify,2,11,1618546
chord_structured,48,389,verify,2,12,1641614
chord_structured,48,389,verify,2,13,1587719
chord_structured,48,389,verify,2,14,1589590
chord_structured,48,389,verify,2,15,1566557
chord_structured,48,389,verify,2,16,1568047
chord_structured,48,389,verify,2,17,1505267
chord_structured,48,389,verify,2,18,1567874
chord_structured,48,389,verify,2,19,1566721
chord_structured,48,389,verify,2,20,1618379
chord_structured,48,389,verify,2,21,1565530
chord_structured,48,389,verify,2,22,1567054
chord_structured,48,389,verify,2,23,1567028
chord_structured,48,389,verify,2,24,1614524
chord_structured,48,389,verify,2,25,1592265
chord_structured,48,389,verify,2,26,1572882
chord_structured,48,389,verify,2,27,1569612
chord_structured,48,389,verify,2,28,1569596
chord_structured,48,389,verify,2,29,1566092
chord_structured,48,389,verify,2,30,1568086
chord_structured,48,389,verify,2,31,1601829
chord_structured,48,389,verify,2,32,1608141
chord_structured,48,389,verify,2,33,1565939
chord_structured,48,389,verify,2,34,1568074
chord_structured,48,389,verify,2,35,1622230
chord_structured,48,389,verify,2,36,1586060
chord_structured,48,389,verify,2,37,1583608
chord_structured,48,389,verify,2,38,1567619
chord_structured,48,389,verify,2,39,1537019
chord_labeled,8,103,keygen,0,0,518479
chord_labeled,8,103,keygen,0,1,518197
chord_labeled,8,103,keygen,0,2,517896
chord_labeled,8,103,keygen,0,3,517002
chord_labeled,8,103,keygen,0,4,516591
chord_labeled,8,103,keygen,0,5,515061
chord_labeled,8,103,keygen,0,6,517125
chord_labeled,8,103,keygen,0,7,514011
chord_labeled,8,103,keygen,0,8,518244
chord_labeled,8,103,keygen,0,9,514138
chord_labeled,8,103,keygen,0,10,514275
chord_labeled,8,103,keygen,0,11,514686
chord_labeled,8,103,keygen,0,12,513796
chord_labeled,8,103,keygen,0,13,513402
chord_labeled,8,103,keygen,0,14,514137
chord_labeled,8,103,keygen,0,15,514117
chord_labeled,8,103,keygen,0,16,512277
chord_labeled,8,103,keygen,0,17,516907
chord_labeled,8,103,keygen,0,18,513628
chord_labeled,8,103,keygen,0,19,515307
chord_labeled,8,103,keygen,1,0,517509
chord_labeled,8,103,keygen,1,1,516703
chord_labeled,8,103,keygen,1,2,514742
chord_labeled,8,103,keygen,1,3,511457
chord_labeled,8,103,keygen,1,4,517248
chord_labeled,8,103,keygen,1,5,513205
chord_labeled,8,103,keygen,1,6,513795
chord_labeled,8,103,keygen,1,7,514326
chord_labeled,8,103,keygen,1,8,513109
chord_labeled,8,103,keygen,1,9,516595
chord_labeled,8,103,keygen,1,10,511025
chord_labeled,8,103,keygen,1,11,513363
chord_labeled,8,103,keygen,1,12,512114
chord_labeled,8,103,keygen,1,13,516938
chord_labeled,8,103,keygen,1,14,515742
chord_labeled,8,103,keygen,1,15,511550
chord_labeled,8,103,keygen,1,16,514177
chord_labeled,8,103,keygen,1,17,514735
chord_labeled,8,103,keygen,1,18,513358
chord_labeled,8,103,keygen,1,19,514515
chord_labeled,8,103,keygen,2,0,508334
chord_labeled,8,103,keygen,2,1,513577
chord_labeled,8,103,keygen,2,2,506346
chord_labeled,8,103,keygen,2,3,524586
chord_labeled,8,103,keygen,2,4,506155
chord_labeled,8,103,keygen,2,5,509580
chord_labeled,8,103,keygen,2,6,510724
chord_labeled,8,103,keygen,2,7,512047
chord_labeled,8,103,keygen,2,8,509886
chord_labeled,8,103,keygen,2,9,622459
chord_labeled,8,103,keygen,2,10,657183
chord_labeled,8,103,keygen,2,11,521242
chord_labeled,8,103,keygen,2,12,515036
chord_labeled,8,103,keygen,2,13,511252
chord_labeled,8,103,keygen,2,14,510998
chord_labeled,8,103,keygen,2,15,508117
chord_labeled,8,103,keygen,2,16,512939
chord_labeled,8,103,keygen,2,17,509650
chord_labeled,8,103,keygen,2,18,510482
chord_labeled,8,103,keygen,2,19,509789
chord_labeled,8,103,sign,0,0,18029
chord_labeled,8,103,sign,0,1,20624
chord_labeled,8,103,sign,0,2,18049
chord_labeled,8,103,sign,0,3,18026
chord_labeled,8,103,sign,0,4,18126
chord_labeled,8,103,sign,0,5,17857
chord_labeled,8,103,sign,0,6,18104
chord_labeled,8,103,sign,0,7,19726
chord_labeled,8,103,sign,0,8,17951
chord_labeled,8,103,sign,0,9,18001
chord_labeled,8,103,sign,0,10,18103
chord_labeled,8,103,sign,0,11,17924
chord_labeled,8,103,sign,0,12,17979
chord_labeled,8,103,sign,0,13,17963
chord_labeled,8,103,sign,0,14,17980
chord_labeled,8,103,sign,0,15,19731
chord_labeled,8,103,sign,0,16,17952
chord_labeled,8,103,sign,0,17,17995
chord_labeled,8,103,sign,0,18,17949
chord_labeled,8,103,sign,0,19,17957
chord_labeled,8,103,sign,0,20,17936
chord_labeled,8,103,sign,0,21,17969
chord_labeled,8,103,sign,0,22,18014
chord_labeled,8,103,sign,0,23,19622
chord_labeled,8,103,sign,0,24,17928
chord_labeled,8,103,sign,0,25,18032
chord_labeled,8,103,sign,0,26,18008
chord_labeled,8,103,sign,0,27,18012
chord_labeled,8,103,sign,0,28,17893
chord_labeled,8,103,sign,0,29,17902
chord_labeled,8,103,sign,0,30,17887
chord_labeled,8,103,sign,0,31,19717
chord_labeled,8,103,sign,0,32,17967
chord_labeled,8,103,sign,0,33,17873
chord_labeled,8,103,sign,0,34,17871
chord_labeled,8,103,sign,0,35,17916
chord_labeled,8,103,sign,0,36,17892
chord_labeled,8,103,sign,0,37,17963
chord_labeled,8,103,sign,0,38,17903
chord_labeled,8,103,sign,0,39,19705
chord_labeled,8,103,sign,1,0,17854
chord_labeled,8,103,sign,1,1,17952
chord_labeled,8,103,sign,1,2,19593
chord_labeled,8,103,sign,1,3,17940
chord_labeled,8,103,sign,1,4,17886
chord_labeled,8,103,sign,1,5,17847
chord_labeled,8,103,sign,1,6,17866
chord_labeled,8,103,sign,1,7,17857
chord_labeled,8,103,sign,1,8,17994
chord_labeled,8,103,sign,1,9,17930
chord_labeled,8,103,sign,1,10,21465
chord_labeled,8,103,sign,1,11,18239
chord_labeled,8,103,sign,1,12,17971
chord_labeled,8,103,sign,1,13,17928
chord_labeled,8,103,sign,1,14,17960
chord_labeled,8,103,sign,1,15,17938
chord_labeled,8,103,sign,1,16,17934
chord_labeled,8,103,sign,1,17,18118
chord_labeled,8,103,sign,1,18,19674
chord_labeled,8,103,sign,1,19,18000
chord_labeled,8,103,sign,1,20,18041
chord_labeled,8,103,sign,1,21,17944
chord_labeled,8,103,sign,1,22,17831
chord_labeled,8,103,sign,1,23,17983
chord_labeled,8,103,sign,1,24,17965
chord_labeled,8,103,sign,1,25,17981
chord_labeled,8,103,sign,1,26,19795
chord_labeled,8,103,sign,1,27,17981
chord_labeled,8,103,sign,1,28,17958
chord_labeled,8,103,sign,1,29,17923
chord_labeled,8,103,sign,1,30,17971
chord_labeled,8,103,sign,1,31,17922
chord_labeled,8,103,sign,1,32,18032
chord_labeled,8,103,sign,1,33,17854
chord_labeled,8,103,sign,1,34,19694
chord_labeled,8,103,sign,1,35,18013
chord_labeled,8,103,sign,1,36,17993
chord_labeled,8,103,sign,1,37,17989
chord_labeled,8,103,sign,1,38,17906
chord_labeled,8,103,sign,1,39,17895
chord_labeled,8,103,sign,2,0,18012
chord_labeled,8,103,sign,2,1,17872
chord_labeled,8,103,sign,2,2,17962
chord_labeled,8,103,sign,2,3,17927
chord_labeled,8,103,sign,2,4,17983
chord_labeled,8,103,sign,2,5,19678
chord_labeled,8,103,sign,2,6,17953
chord_labeled,8,103,sign,2,7,18077
chord_labeled,8,103,sign,2,8,17875
chord_labeled,8,103,sign,2,9,17944
chord_labeled,8,103,sign,2,10,17940
chord_labeled,8,103,sign,2,11,17923
chord_labeled,8,103,sign,2,12,17901
chord_labeled,8,103,sign,2,13,19730
chord_labeled,8,103,sign,2,14,17963
chord_labeled,8,103,sign,2,15,17904
chord_labeled,8,103,sign,2,16,17942
chord_labeled,8,103,sign,2,17,17956
chord_labeled,8,103,sign,2,18,20114
chord_labeled,8,103,sign,2,19,17945
chord_labeled,8,103,sign,2,20,17977
chord_labeled,8,103,sign,2,21,19700
chord_labeled,8,103,sign,2,22,17974
chord_labeled,8,103,sign,2,23,17843
chord_labeled,8,103,sign,2,24,18040
chord_labeled,8,103,sign,2,25,18013
chord_labeled,8,103,sign,2,26,17979
chord_labeled,8,103,sign,2,27,17953
chord_labeled,8,103,sign,2,28,17904
chord_labeled,8,103,sign,2,29,19593
chord_labeled,8,103,sign,2,30,17915
chord_labeled,8,103,sign,2,31,17983
chord_labeled,8,103,sign,2,32,17918
chord_labeled,8,103,sign,2,33,17910
chord_labeled,8,103,sign,2,34,17907
chord_labeled,8,103,sign,2,35,17841
chord_labeled,8,103,sign,2,36,18095
chord_labeled,8,103,sign,2,37,19557
chord_labeled,8,103,sign,2,38,17971
chord_labeled,8,103,sign,2,39,17891
chord_labeled,8,103,verify,0,0,20180
chord_labeled,8,103,verify,0,1,20245
chord_labeled,8,103,verify,0,2,20395
chord_labeled,8,103,verify,0,3,20276
chord_labeled,8,103,verify,0,4,20302
chord_labeled,8,103,verify,0,5,20263
chord_labeled,8,103,verify,0,6,20332
chord_labeled,8,103,verify,0,7,20321
chord_labeled,8,103,verify,0,8,20308
chord_labeled,8,103,verify,0,9,20222
chord_labeled,8,103,verify,0,10,20212
chord_labeled,8,103,verify,0,11,20297
chord_labeled,8,103,verify,0,12,20342
chord_labeled,8,103,verify,0,13,20354
chord_labeled,8,103,verify,0,14,20255
chord_labeled,8,103,verify,0,15,20302
chord_labeled,8,103,verify,0,16,20275
chord_labeled,8,103,verify,0,17,20257
chord_labeled,8,103,verify,0,18,19238
chord_labeled,8,103,verify,0,19,20244
chord_labeled,8,103,verify,0,20,20226
chord_labeled,8,103,verify,0,21,20297
chord_labeled,8,103,verify,0,22,20240
chord_labeled,8,103,verify,0,23,20248
chord_labeled,8,103,verify,0,24,20267
chord_labeled,8,103,verify,0,25,20241
chord_labeled,8,103,verify,0,26,20300
chord_labeled,8,103,verify,0,27,20256
chord_labeled,8,103,verify,0,28,20233
chord_labeled,8,103,verify,0,29,20285
chord_labeled,8,103,verify,0,30,19139
chord_labeled,8,103,verify,0,31,20261
chord_labeled,8,103,verify,0,32,20247
chord_labeled,8,103,verify,0,33,20238
chord_labeled,8,103,verify,0,34,20219
chord_labeled,8,103,verify,0,35,20239
chord_labeled,8,103,verify,0,36,20308
chord_labeled,8,103,verify,0,37,22017
chord_labeled,8,103,verify,0,38,20260
chord_labeled,8,103,verify,0,39,20225
chord_labeled,8,103,verify,1,0,20136
chord_labeled,8,103,verify,1,1,20272
chord_labeled,8,103,verify,1,2,20213
chord_labeled,8,103,verify,1,3,20355
chord_labeled,8,103,verify,1,4,21319
chord_labeled,8,103,verify,1,5,20356
chord_labeled,8,103,verify,1,6,20230
chord_labeled,8,103,verify,1,7,20242
chord_labeled,8,103,verify,1,8,20257
chord_labeled,8,103,verify,1,9,20226
chord_labeled,8,103,verify,1,10,20310
chord_labeled,8,103,verify,1,11,20196
chord_labeled,8,103,verify,1,12,20231
chord_labeled,8,103,verify,1,13,20296
chord_labeled,8,103,verify,1,14,20312
chord_labeled,8,103,verify,1,15,20300
chord_labeled,8,103,verify,1,16,20235
chord_labeled,8,103,verify,1,17,20256
chord_labeled,8,103,verify,1,18,20261
chord_labeled,8,103,verify,1,19,20233
chord_labeled,8,103,verify,1,20,19185
chord_labeled,8,103,verify,1,21,20212
chord_labeled,8,103,verify,1,22,20199
chord_labeled,8,103,verify,1,23,20227
chord_labeled,8,103,verify,1,24,20330
chord_labeled,8,103,verify,1,25,20192
chord_labeled,8,103,verify,1,26,20236
chord_labeled,8,103,verify,1,27,19079
chord_labeled,8,103,verify,1,28,20264
chord_labeled,8,103,verify,1,29,20282
chord_labeled,8,103,verify,1,30,20260
chord_labeled,8,103,verify,1,31,20222
chord_labeled,8,103,verify,1,32,19203
chord_labeled,8,103,verify,1,33,19051
chord_labeled,8,103,verify,1,34,20292
chord_labeled,8,103,verify,1,35,20277
chord_labeled,8,103,verify,1,36,20234
chord_labeled,8,103,verify,1,37,20218
chord_labeled,8,103,verify,1,38,20242
chord_labeled,8,103,verify,1,39,20256
chord_labeled,8,103,verify,2,0,20187
chord_labeled,8,103,verify,2,1,20244
chord_labeled,8,103,verify,2,2,20289
chord_labeled,8,103,verify,2,3,20291
chord_labeled,8,103,verify,2,4,20305
chord_labeled,8,103,verify,2,5,20211
chord_labeled,8,103,verify,2,6,20273
chord_labeled,8,103,verify,2,7,20259
chord_labeled,8,103,verify,2,8,20233
chord_labeled,8,103,verify,2,9,20331
chord_labeled,8,103,verify,2,10,20295
chord_labeled,8,103,verify,2,11,20249
chord_labeled,8,103,verify,2,12,20300
chord_labeled,8,103,verify,2,13,20239
chord_labeled,8,103,verify,2,14,20304
chord_labeled,8,103,verify,2,15,20317
chord_labeled,8,103,verify,2,16,20184
chord_labeled,8,103,verify,2,17,20225
chord_labeled,8,103,verify,2,18,20225
chord_labeled,8,103,verify,2,19,20210
chord_labeled,8,103,verify,2,20,20299
chord_labeled,8,103,verify,2,21,20598
chord_labeled,8,103,verify,2,22,20292
chord_labeled,8,103,verify,2,23,19157
chord_labeled,8,103,verify,2,24,20259
chord_labeled,8,103,verify,2,25,19142
chord_labeled,8,103,verify,2,26,20285
chord_labeled,8,103,verify,2,27,20205
chord_labeled,8,103,verify,2,28,20216
chord_labeled,8,103,verify,2,29,20264
chord_labeled,8,103,verify,2,30,19064
chord_labeled,8,103,verify,2,31,20294
chord_labeled,8,103,verify,2,32,20161
chord_labeled,8,103,verify,2,33,20227
chord_labeled,8,103,verify,2,34,20245
chord_labeled,8,103,verify,2,35,19151
chord_labeled,8,103,verify,2,36,20260
chord_labeled,8,103,verify,2,37,20307
chord_labeled,8,103,verify,2,38,20307
chord_labeled,8,103,verify,2,39,20269
chord_labeled,16,331,keygen,0,0,3769418
chord_labeled,16,331,keygen,0,1,3757060
chord_labeled,16,331,keygen,0,2,3757690
chord_labeled,16,331,keygen,0,3,3773795
chord_labeled,16,331,keygen,0,4,3770924
chord_labeled,16,331,keygen,0,5,3765318
chord_labeled,16,331,keygen,0,6,3763686
chord_labeled,16,331,keygen,0,7,3768621
chord_labeled,16,331,keygen,0,8,3754432
chord_labeled,16,331,keygen,0,9,3766910
chord_labeled,16,331,keygen,0,10,3743421
chord_labeled,16,331,keygen,0,11,3766829
chord_labeled,16,331,keygen,0,12,3766864
chord_labeled,16,331,keygen,0,13,3781200
chord_labeled,16,331,keygen,0,14,3761546
chord_labeled,16,331,keygen,0,15,3776025
chord_labeled,16,331,keygen,0,16,3755323
chord_labeled,16,331,keygen,0,17,3769989
chord_labeled,16,331,keygen,0,18,3761931
chord_labeled,16,331,keygen,0,19,3771918
chord_labeled,16,331,keygen,1,0,3758666
chord_labeled,16,331,keygen,1,1,3763710
chord_labeled,16,331,keygen,1,2,3764768
chord_labeled,16,331,keygen,1,3,3759038
chord_labeled,16,331,keygen,1,4,3759823
chord_labeled,16,331,keygen,1,5,3768727
chord_labeled,16,331,keygen,1,6,3770450
chord_labeled,16,331,keygen,1,7,3755899
chord_labeled,16,331,keygen,1,8,3772469
chord_labeled,16,331,keygen,1,9,3765565
chord_labeled,16,331,keygen,1,10,3753539
chord_labeled,16,331,keygen,1,11,3765873
chord_labeled,16,331,keygen,1,12,3762327
chord_labeled,16,331,keygen,1,13,3764973
chord_labeled,16,331,keygen,1,14,3743920
chord_labeled,16,331,keygen,1,15,3792309
chord_labeled,16,331,keygen,1,16,3831192
chord_labeled,16,331,keygen,1,17,4006656
chord_labeled,16,331,keygen,1,18,3769817
chord_labeled,16,331,keygen,1,19,3760227
chord_labeled,16,331,keygen,2,0,3762059
chord_labeled,16,331,keygen,2,1,3763604
chord_labeled,16,331,keygen,2,2,3762738
chord_labeled,16,331,keygen,2,3,3745637
chord_labeled,16,331,keygen,2,4,3767473
chord_labeled,16,331,keygen,2,5,3787579
chord_labeled,16,331,keygen,2,6,3786812
chord_labeled,16,331,keygen,2,7,3763979
chord_labeled,16,331,keygen,2,8,4060923
chord_labeled,16,331,keygen,2,9,4247452
chord_labeled,16,331,keygen,2,10,4215049
chord_labeled,16,331,keygen,2,11,4319428
chord_labeled,16,331,keygen,2,12,4257249
chord_labeled,16,331,keygen,2,13,4299760
chord_labeled,16,331,keygen,2,14,4145887
chord_labeled,16,331,keygen,2,15,4079552
chord_labeled,16,331,keygen,2,16,3951542
chord_labeled,16,331,keygen,2,17,3946741
chord_labeled,16,331,keygen,2,18,3918388
chord_labeled,16,331,keygen,2,19,3977595
chord_labeled,16,331,sign,0,0,36007
chord_labeled,16,331,sign,0,1,36253
chord_labeled,16,331,sign,0,2,35775
chord_labeled,16,331,sign,0,3,35973
chord_labeled,16,331,sign,0,4,35917
chord_labeled,16,331,sign,0,5,37675
chord_labeled,16,331,sign,0,6,38016
chord_labeled,16,331,sign,0,7,36008
chord_labeled,16,331,sign,0,8,36094
chord_labeled,16,331,sign,0,9,35832
chord_labeled,16,331,sign,0,10,35864
chord_labeled,16,331,sign,0,11,35866
chord_labeled,16,331,sign,0,12,36088
chord_labeled,16,331,sign,0,13,37824
chord_labeled,16,331,sign,0,14,36149
chord_labeled,16,331,sign,0,15,35814
chord_labeled,16,331,sign,0,16,35773
chord_labeled,16,331,sign,0,17,35840
chord_labeled,16,331,sign,0,18,35940
chord_labeled,16,331,sign,0,19,35799
chord_labeled,16,331,sign,0,20,35992
chord_labeled,16,331,sign,0,21,37990
chord_labeled,16,331,sign,0,22,35882
chord_labeled,16,331,sign,0,23,35908
chord_labeled,16,331,sign,0,24,35894
chord_labeled,16,331,sign,0,25,35877
chord_labeled,16,331,sign,0,26,35932
chord_labeled,16,331,sign,0,27,35913
chord_labeled,16,331,sign,0,28,35910
chord_labeled,16,331,sign,0,29,37604
chord_labeled,16,331,sign,0,30,35892
chord_labeled,16,331,sign,0,31,35912
chord_labeled,16,331,sign,0,32,35762
chord_labeled,16,331,sign,0,33,38626
chord_labeled,16,331,sign,0,34,35797
chord_labeled,16,331,sign,0,35,35789
chord_labeled,16,331,sign,0,36,35885
chord_labeled,16,331,sign,0,37,37543
chord_labeled,16,331,sign,0,38,36011
chord_labeled,16,331,sign,0,39,35843
chord_labeled,16,331,sign,1,0,37748
chord_labeled,16,331,sign,1,1,35776
chord_labeled,16,331,sign,1,2,35861
chord_labeled,16,331,sign,1,3,35863
chord_labeled,16,331,sign,1,4,35739
chord_labeled,16,331,sign,1,5,35816
chord_labeled,16,331,sign,1,6,35958
chord_labeled,16,331,sign,1,7,35981
chord_labeled,16,331,sign,1,8,37613
chord_labeled,16,331,sign,1,9,35951
chord_labeled,16,331,sign,1,10,35846
chord_labeled,16,331,sign,1,11,35754
chord_labeled,16,331,sign,1,12,35795
chord_labeled,16,331,sign,1,13,35928
chord_labeled,16,331,sign,1,14,35816
chord_labeled,16,331,sign,1,15,35981
chord_labeled,16,331,sign,1,16,39301
chord_labeled,16,331,sign,1,17,35952
chord_labeled,16,331,sign,1,18,35880
chord_labeled,16,331,sign,1,19,35882
chord_labeled,16,331,sign,1,20,36004
chord_labeled,16,331,sign,1,21,35820
chord_labeled,16,331,sign,1,22,35935
chord_labeled,16,331,sign,1,23,35808
chord_labeled,16,331,sign,1,24,37659
chord_labeled,16,331,sign,1,25,35811
chord_labeled,16,331,sign,1,26,35946
chord_labeled,16,331,sign,1,27,35768
chord_labeled,16,331,sign,1,28,35845
chord_labeled,16,331,sign,1,29,35723
chord_labeled,16,331,sign,1,30,35809
chord_labeled,16,331,sign,1,31,36026
chord_labeled,16,331,sign,1,32,37591
chord_labeled,16,331,sign,1,33,35862
chord_labeled,16,331,sign,1,34,35885
chord_labeled,16,331,sign,1,35,36133
chord_labeled,16,331,sign,1,36,35944
chord_labeled,16,331,sign,1,37,35857
chord_labeled,16,331,sign,1,38,36242
chord_labeled,16,331,sign,1,39,35865
chord_labeled,16,331,sign,2,0,35858
chord_labeled,16,331,sign,2,1,36041
chord_labeled,16,331,sign,2,2,35848
chord_labeled,16,331,sign,2,3,37707
chord_labeled,16,331,sign,2,4,35973
chord_labeled,16,331,sign,2,5,35835
chord_labeled,16,331,sign,2,6,35915
chord_labeled,16,331,sign,2,7,35929
chord_labeled,16,331,sign,2,8,35784
chord_labeled,16,331,sign,2,9,35849
chord_labeled,16,331,sign,2,10,35838
chord_labeled,16,331,sign,2,11,37577
chord_labeled,16,331,sign,2,12,35707
chord_labeled,16,331,sign,2,13,35806
chord_labeled,16,331,sign,2,14,36065
chord_labeled,16,331,sign,2,15,35895
chord_labeled,16,331,sign,2,16,35831
chord_labeled,16,331,sign,2,17,36004
chord_labeled,16,331,sign,2,18,35987
chord_labeled,16,331,sign,2,19,37771
chord_labeled,16,331,sign,2,20,35830
chord_labeled,16,331,sign,2,21,48531
chord_labeled,16,331,sign,2,22,34930
chord_labeled,16,331,sign,2,23,34899
chord_labeled,16,331,sign,2,24,34824
chord_labeled,16,331,sign,2,25,36331
chord_labeled,16,331,sign,2,26,35013
chord_labeled,16,331,sign,2,27,36751
chord_labeled,16,331,sign,2,28,34882
chord_labeled,16,331,sign,2,29,34877
chord_labeled,16,331,sign,2,30,35019
chord_labeled,16,331,sign,2,31,34802
chord_labeled,16,331,sign,2,32,34885
chord_labeled,16,331,sign,2,33,35050
chord_labeled,16,331,sign,2,34,34856
chord_labeled,16,331,sign,2,35,36782
chord_labeled,16,331,sign,2,36,34964
chord_labeled,16,331,sign,2,37,34903
chord_labeled,16,331,sign,2,38,34891
chord_labeled,16,331,sign,2,39,34870
chord_labeled,16,331,verify,0,0,79237
chord_labeled,16,331,verify,0,1,79324
chord_labeled,16,331,verify,0,2,79382
chord_labeled,16,331,verify,0,3,75613
chord_labeled,16,331,verify,0,4,79396
chord_labeled,16,331,verify,0,5,79325
chord_labeled,16,331,verify,0,6,79294
chord_labeled,16,331,verify,0,7,79303
chord_labeled,16,331,verify,0,8,82020
chord_labeled,16,331,verify,0,9,79388
chord_labeled,16,331,verify,0,10,79208
chord_labeled,16,331,verify,0,11,79252
chord_labeled,16,331,verify,0,12,79358
chord_labeled,16,331,verify,0,13,79317
chord_labeled,16,331,verify,0,14,79277
chord_labeled,16,331,verify,0,15,79309
chord_labeled,16,331,verify,0,16,79275
chord_labeled,16,331,verify,0,17,79211
chord_labeled,16,331,verify,0,18,79349
chord_labeled,16,331,verify,0,19,79340
chord_labeled,16,331,verify,0,20,80790
chord_labeled,16,331,verify,0,21,79346
chord_labeled,16,331,verify,0,22,79258
chord_labeled,16,331,verify,0,23,79260
chord_labeled,16,331,verify,0,24,79287
chord_labeled,16,331,verify,0,25,79353
chord_labeled,16,331,verify,0,26,79262
chord_labeled,16,331,verify,0,27,79275
chord_labeled,16,331,verify,0,28,79217
chord_labeled,16,331,verify,0,29,79235
chord_labeled,16,331,verify,0,30,79153
chord_labeled,16,331,verify,0,31,79283
chord_labeled,16,331,verify,0,32,79289
chord_labeled,16,331,verify,0,33,80674
chord_labeled,16,331,verify,0,34,79206
chord_labeled,16,331,verify,0,35,79271
chord_labeled,16,331,verify,0,36,79286
chord_labeled,16,331,verify,0,37,79312
chord_labeled,16,331,verify,0,38,79214
chord_labeled,16,331,verify,0,39,79318
chord_labeled,16,331,verify,1,0,79043
chord_labeled,16,331,verify,1,1,79217
chord_labeled,16,331,verify,1,2,79381
chord_labeled,16,331,verify,1,3,79295
chord_labeled,16,331,verify,1,4,79351
chord_labeled,16,331,verify,1,5,79193
chord_labeled,16,331,verify,1,6,79186
chord_labeled,16,331,verify,1,7,79331
chord_labeled,16,331,verify,1,8,81051
chord_labeled,16,331,verify,1,9,79299
chord_labeled,16,331,verify,1,10,79159
chord_labeled,16,331,verify,1,11,79402
chord_labeled,16,331,verify,1,12,79259
chord_labeled,16,331,verify,1,13,79278
chord_labeled,16,331,verify,1,14,79209
chord_labeled,16,331,verify,1,15,79251
chord_labeled,16,331,verify,1,16,79347
chord_labeled,16,331,verify,1,17,79228
chord_labeled,16,331,verify,1,18,79373
chord_labeled,16,331,verify,1,19,79304
chord_labeled,16,331,verify,1,20,105153
chord_labeled,16,331,verify,1,21,79679
chord_labeled,16,331,verify,1,22,79325
chord_labeled,16,331,verify,1,23,79202
chord_labeled,16,331,verify,1,24,79254
chord_labeled,16,331,verify,1,25,79260
chord_labeled,16,331,verify,1,26,79364
chord_labeled,16,331,verify,1,27,79235
chord_labeled,16,331,verify,1,28,79416
chord_labeled,16,331,verify,1,29,79339
chord_labeled,16,331,verify,1,30,79244
chord_labeled,16,331,verify,1,31,79341
chord_labeled,16,331,verify,1,32,84456
chord_labeled,16,331,verify,1,33,79446
chord_labeled,16,331,verify,1,34,79329
chord_labeled,16,331,verify,1,35,79210
chord_labeled,16,331,verify,1,36,79227
chord_labeled,16,331,verify,1,37,79159
chord_labeled,16,331,verify,1,38,79231
chord_labeled,16,331,verify,1,39,79337
chord_labeled,16,331,verify,2,0,79106
chord_labeled,16,331,verify,2,1,79263
chord_labeled,16,331,verify,2,2,79314
chord_labeled,16,331,verify,2,3,79227
chord_labeled,16,331,verify,2,4,79269
chord_labeled,16,331,verify,2,5,79414
chord_labeled,16,331,verify,2,6,79380
chord_labeled,16,331,verify,2,7,82017
chord_labeled,16,331,verify,2,8,79243
chord_labeled,16,331,verify,2,9,79204
chord_labeled,16,331,verify,2,10,79197
chord_labeled,16,331,verify,2,11,79181
chord_labeled,16,331,verify,2,12,79250
chord_labeled,16,331,verify,2,13,79239
chord_labeled,16,331,verify,2,14,79252
chord_labeled,16,331,verify,2,15,79275
chord_labeled,16,331,verify,2,16,79272
chord_labeled,16,331,verify,2,17,75693
chord_labeled,16,331,verify,2,18,79173
chord_labeled,16,331,verify,2,19,79271
chord_labeled,16,331,verify,2,20,81217
chord_labeled,16,331,verify,2,21,79272
chord_labeled,16,331,verify,2,22,79288
chord_labeled,16,331,verify,2,23,79321
chord_labeled,16,331,verify,2,24,79223
chord_labeled,16,331,verify,2,25,79274
chord_labeled,16,331,verify,2,26,79238
chord_labeled,16,331,verify,2,27,75567
chord_labeled,16,331,verify,2,28,79264
chord_labeled,16,331,verify,2,29,79261
chord_labeled,16,331,verify,2,30,79199
chord_labeled,16,331,verify,2,31,79305
chord_labeled,16,331,verify,2,32,81386
chord_labeled,16,331,verify,2,33,79201
chord_labeled,16,331,verify,2,34,79335
chord_labeled,16,331,verify,2,35,79257
chord_labeled,16,331,verify,2,36,79101
chord_labeled,16,331,verify,2,37,79213
chord_labeled,16,331,verify,2,38,79249
chord_labeled,16,331,verify,2,39,79203
chord_labeled,32,1171,keygen,0,0,39312761
chord_labeled,32,1171,keygen,0,1,39788131
chord_labeled,32,1171,keygen,0,2,38330028
chord_labeled,32,1171,keygen,0,3,38809644
chord_labeled,32,1171,keygen,0,4,40357880
chord_labeled,32,1171,keygen,0,5,39564701
chord_labeled,32,1171,keygen,0,6,39534637
chord_labeled,32,1171,keygen,0,7,39350182
chord_labeled,32,1171,keygen,0,8,39347781
chord_labeled,32,1171,keygen,0,9,41426160
chord_labeled,32,1171,keygen,0,10,48810530
chord_labeled,32,1171,keygen,0,11,43514087
chord_labeled,32,1171,keygen,0,12,39447215
chord_labeled,32,1171,keygen,0,13,40094231
chord_labeled,32,1171,keygen,0,14,39652588
chord_labeled,32,1171,keygen,0,15,40445909
chord_labeled,32,1171,keygen,0,16,39633839
chord_labeled,32,1171,keygen,0,17,39543923
chord_labeled,32,1171,keygen,0,18,39455814
chord_labeled,32,1171,keygen,0,19,39359332
chord_labeled,32,1171,keygen,1,0,39687746
chord_labeled,32,1171,keygen,1,1,43770671
chord_labeled,32,1171,keygen,1,2,40103130
chord_labeled,32,1171,keygen,1,3,38817803
chord_labeled,32,1171,keygen,1,4,38524688
chord_labeled,32,1171,keygen,1,5,38934784
chord_labeled,32,1171,keygen,1,6,39376949
chord_labeled,32,1171,keygen,1,7,39337500
chord_labeled,32,1171,keygen,1,8,39736638
chord_labeled,32,1171,keygen,1,9,39590009
chord_labeled,32,1171,keygen,1,10,39423481
chord_labeled,32,1171,keygen,1,11,39491870
chord_labeled,32,1171,keygen,1,12,39007494
chord_labeled,32,1171,keygen,1,13,38357249
chord_labeled,32,1171,keygen,1,14,38466608
chord_labeled,32,1171,keygen,1,15,38340719
chord_labeled,32,1171,keygen,1,16,38354797
chord_labeled,32,1171,keygen,1,17,38515054
chord_labeled,32,1171,keygen,1,18,38357585
chord_labeled,32,1171,keygen,1,19,38459977
chord_labeled,32,1171,keygen,2,0,39095965
chord_labeled,32,1171,keygen,2,1,39877685
chord_labeled,32,1171,keygen,2,2,39320627
chord_labeled,32,1171,keygen,2,3,39334098
chord_labeled,32,1171,keygen,2,4,38755333
chord_labeled,32,1171,keygen,2,5,38545725
chord_labeled,32,1171,keygen,2,6,39046119
chord_labeled,32,1171,keygen,2,7,41372669
chord_labeled,32,1171,keygen,2,8,39348038
chord_labeled,32,1171,keygen,2,9,39314609
chord_labeled,32,1171,keygen,2,10,39534476
chord_labeled,32,1171,keygen,2,11,39518287
chord_labeled,32,1171,keygen,2,12,39295750
chord_labeled,32,1171,keygen,2,13,39566434
chord_labeled,32,1171,keygen,2,14,40897689
chord_labeled,32,1171,keygen,2,15,40970199
chord_labeled,32,1171,keygen,2,16,40885452
chord_labeled,32,1171,keygen,2,17,39487466
chord_labeled,32,1171,keygen,2,18,39349453
chord_labeled,32,1171,keygen,2,19,40489150
chord_labeled,32,1171,sign,0,0,121010
chord_labeled,32,1171,sign,0,1,102999
chord_labeled,32,1171,sign,0,2,103851
chord_labeled,32,1171,sign,0,3,102317
chord_labeled,32,1171,sign,0,4,96044
chord_labeled,32,1171,sign,0,5,93368
chord_labeled,32,1171,sign,0,6,95905
chord_labeled,32,1171,sign,0,7,93426
chord_labeled,32,1171,sign,0,8,92457
chord_labeled,32,1171,sign,0,9,92131
chord_labeled,32,1171,sign,0,10,102719
chord_labeled,32,1171,sign,0,11,92705
chord_labeled,32,1171,sign,0,12,92437
chord_labeled,32,1171,sign,0,13,92732
chord_labeled,32,1171,sign,0,14,94825
chord_labeled,32,1171,sign,0,15,95268
chord_labeled,32,1171,sign,0,16,93732
chord_labeled,32,1171,sign,0,17,100752
chord_labeled,32,1171,sign,0,18,92324
chord_labeled,32,1171,sign,0,19,92566
chord_labeled,32,1171,sign,0,20,91814
chord_labeled,32,1171,sign,0,21,97951
chord_labeled,32,1171,sign,0,22,93767
chord_labeled,32,1171,sign,0,23,91730
chord_labeled,32,1171,sign,0,24,92204
chord_labeled,32,1171,sign,0,25,92053
chord_labeled,32,1171,sign,0,26,92042
chord_labeled,32,1171,sign,0,27,91848
chord_labeled,32,1171,sign,0,28,91578
chord_labeled,32,1171,sign,0,29,91562
chord_labeled,32,1171,sign,0,30,93347
chord_labeled,32,1171,sign,0,31,96840
chord_labeled,32,1171,sign,0,32,93569
chord_labeled,32,1171,sign,0,33,91660
chord_labeled,32,1171,sign,0,34,91698
chord_labeled,32,1171,sign,0,35,91667
chord_labeled,32,1171,sign,0,36,91454
chord_labeled,32,1171,sign,0,37,91394
chord_labeled,32,1171,sign,0,38,93318
chord_labeled,32,1171,sign,0,39,91576
chord_labeled,32,1171,sign,1,0,96117
chord_labeled,32,1171,sign,1,1,96148
chord_labeled,32,1171,sign,1,2,94160
chord_labeled,32,1171,sign,1,3,94188
chord_labeled,32,1171,sign,1,4,94032
chord_labeled,32,1171,sign,1,5,94041
chord_labeled,32,1171,sign,1,6,94026
chord_labeled,32,1171,sign,1,7,97765
chord_labeled,32,1171,sign,1,8,94193
chord_labeled,32,1171,sign,1,9,96033
chord_labeled,32,1171,sign,1,10,94203
chord_labeled,32,1171,sign,1,11,96212
chord_labeled,32,1171,sign,1,12,93945
chord_labeled,32,1171,sign,1,13,93932
chord_labeled,32,1171,sign,1,14,93909
chord_labeled,32,1171,sign,1,15,93971
chord_labeled,32,1171,sign,1,16,94127
chord_labeled,32,1171,sign,1,17,95778
chord_labeled,32,1171,sign,1,18,97114
chord_labeled,32,1171,sign,1,19,94133
chord_labeled,32,1171,sign,1,20,94044
chord_labeled,32,1171,sign,1,21,94150
chord_labeled,32,1171,sign,1,22,93978
chord_labeled,32,1171,sign,1,23,93932
chord_labeled,32,1171,sign,1,24,96212
chord_labeled,32,1171,sign,1,25,95653
chord_labeled,32,1171,sign,1,26,93862
chord_labeled,32,1171,sign,1,27,94086
chord_labeled,32,1171,sign,1,28,97741
chord_labeled,32,1171,sign,1,29,94144
chord_labeled,32,1171,sign,1,30,93962
chord_labeled,32,1171,sign,1,31,94173
chord_labeled,32,1171,sign,1,32,96277
chord_labeled,32,1171,sign,1,33,95856
chord_labeled,32,1171,sign,1,34,94196
chord_labeled,32,1171,sign,1,35,94168
chord_labeled,32,1171,sign,1,36,94126
chord_labeled,32,1171,sign,1,37,94219
chord_labeled,32,1171,sign,1,38,106165
chord_labeled,32,1171,sign,1,39,93377
chord_labeled,32,1171,sign,2,0,91658
chord_labeled,32,1171,sign,2,1,91702
chord_labeled,32,1171,sign,2,2,91719
chord_labeled,32,1171,sign,2,3,91441
chord_labeled,32,1171,sign,2,4,93388
chord_labeled,32,1171,sign,2,5,93228
chord_labeled,32,1171,sign,2,6,91543
chord_labeled,32,1171,sign,2,7,91789
chord_labeled,32,1171,sign,2,8,91728
chord_labeled,32,1171,sign,2,9,91484
chord_labeled,32,1171,sign,2,10,91347
chord_labeled,32,1171,sign,2,11,91537
chord_labeled,32,1171,sign,2,12,93110
chord_labeled,32,1171,sign,2,13,91472
chord_labeled,32,1171,sign,2,14,91785
chord_labeled,32,1171,sign,2,15,93881
chord_labeled,32,1171,sign,2,16,91769
chord_labeled,32,1171,sign,2,17,91725
chord_labeled,32,1171,sign,2,18,91590
chord_labeled,32,1171,sign,2,19,93647
chord_labeled,32,1171,sign,2,20,93160
chord_labeled,32,1171,sign,2,21,91659
chord_labeled,32,1171,sign,2,22,91589
chord_labeled,32,1171,sign,2,23,91773
chord_labeled,32,1171,sign,2,24,91460
chord_labeled,32,1171,sign,2,25,91516
chord_labeled,32,1171,sign,2,26,93463
chord_labeled,32,1171,sign,2,27,91423
chord_labeled,32,1171,sign,2,28,93468
chord_labeled,32,1171,sign,2,29,91442
chord_labeled,32,1171,sign,2,30,93417
chord_labeled,32,1171,sign,2,31,91464
chord_labeled,32,1171,sign,2,32,91842
chord_labeled,32,1171,sign,2,33,91635
chord_labeled,32,1171,sign,2,34,91603
chord_labeled,32,1171,sign,2,35,91581
chord_labeled,32,1171,sign,2,36,93356
chord_labeled,32,1171,sign,2,37,93208
chord_labeled,32,1171,sign,2,38,91409
chord_labeled,32,1171,sign,2,39,91577
chord_labeled,32,1171,verify,0,0,517891
chord_labeled,32,1171,verify,0,1,516278
chord_labeled,32,1171,verify,0,2,518295
chord_labeled,32,1171,verify,0,3,516138
chord_labeled,32,1171,verify,0,4,518395
chord_labeled,32,1171,verify,0,5,516364
chord_labeled,32,1171,verify,0,6,518261
chord_labeled,32,1171,verify,0,7,516299
chord_labeled,32,1171,verify,0,8,522808
chord_labeled,32,1171,verify,0,9,502627
chord_labeled,32,1171,verify,0,10,504805
chord_labeled,32,1171,verify,0,11,502812
chord_labeled,32,1171,verify,0,12,504628
chord_labeled,32,1171,verify,0,13,502579
chord_labeled,32,1171,verify,0,14,504715
chord_labeled,32,1171,verify,0,15,502777
chord_labeled,32,1171,verify,0,16,504571
chord_labeled,32,1171,verify,0,17,502865
chord_labeled,32,1171,verify,0,18,504397
chord_labeled,32,1171,verify,0,19,503123
chord_labeled,32,1171,verify,0,20,504656
chord_labeled,32,1171,verify,0,21,502568
chord_labeled,32,1171,verify,0,22,504393
chord_labeled,32,1171,verify,0,23,502451
chord_labeled,32,1171,verify,0,24,504705
chord_labeled,32,1171,verify,0,25,529621
chord_labeled,32,1171,verify,0,26,540139
chord_labeled,32,1171,verify,0,27,504752
chord_labeled,32,1171,verify,0,28,506193
chord_labeled,32,1171,verify,0,29,503988
chord_labeled,32,1171,verify,0,30,507134
chord_labeled,32,1171,verify,0,31,502944
chord_labeled,32,1171,verify,0,32,505823
chord_labeled,32,1171,verify,0,33,502719
chord_labeled,32,1171,verify,0,34,506078
chord_labeled,32,1171,verify,0,35,502605
chord_labeled,32,1171,verify,0,36,506037
chord_labeled,32,1171,verify,0,37,502833
chord_labeled,32,1171,verify,0,38,506706
chord_labeled,32,1171,verify,0,39,502672
chord_labeled,32,1171,verify,1,0,503988
chord_labeled,32,1171,verify,1,1,504786
chord_labeled,32,1171,verify,1,2,502427
chord_labeled,32,1171,verify,1,3,490576
chord_labeled,32,1171,verify,1,4,502814
chord_labeled,32,1171,verify,1,5,504577
chord_labeled,32,1171,verify,1,6,502731
chord_labeled,32,1171,verify,1,7,504358
chord_labeled,32,1171,verify,1,8,502645
chord_labeled,32,1171,verify,1,9,504300
chord_labeled,32,1171,verify,1,10,502653
chord_labeled,32,1171,verify,1,11,504081
chord_labeled,32,1171,verify,1,12,502714
chord_labeled,32,1171,verify,1,13,504375
chord_labeled,32,1171,verify,1,14,502675
chord_labeled,32,1171,verify,1,15,504432
chord_labeled,32,1171,verify,1,16,504514
chord_labeled,32,1171,verify,1,17,504300
chord_labeled,32,1171,verify,1,18,502616
chord_labeled,32,1171,verify,1,19,504178
chord_labeled,32,1171,verify,1,20,502700
chord_labeled,32,1171,verify,1,21,504334
chord_labeled,32,1171,verify,1,22,502525
chord_labeled,32,1171,verify,1,23,504169
chord_labeled,32,1171,verify,1,24,504550
chord_labeled,32,1171,verify,1,25,504773
chord_labeled,32,1171,verify,1,26,502545
chord_labeled,32,1171,verify,1,27,504791
chord_labeled,32,1171,verify,1,28,502574
chord_labeled,32,1171,verify,1,29,504204
chord_labeled,32,1171,verify,1,30,504701
chord_labeled,32,1171,verify,1,31,504657
chord_labeled,32,1171,verify,1,32,502926
chord_labeled,32,1171,verify,1,33,504470
chord_labeled,32,1171,verify,1,34,502650
chord_labeled,32,1171,verify,1,35,504491
chord_labeled,32,1171,verify,1,36,502776
chord_labeled,32,1171,verify,1,37,504749
chord_labeled,32,1171,verify,1,38,502612
chord_labeled,32,1171,verify,1,39,506378
chord_labeled,32,1171,verify,2,0,503951
chord_labeled,32,1171,verify,2,1,502854
chord_labeled,32,1171,verify,2,2,504355
chord_labeled,32,1171,verify,2,3,504553
chord_labeled,32,1171,verify,2,4,504189
chord_labeled,32,1171,verify,2,5,502658
chord_labeled,32,1171,verify,2,6,504652
chord_labeled,32,1171,verify,2,7,502672
chord_labeled,32,1171,verify,2,8,504498
chord_labeled,32,1171,verify,2,9,502506
chord_labeled,32,1171,verify,2,10,506277
chord_labeled,32,1171,verify,2,11,502669
chord_labeled,32,1171,verify,2,12,504672
chord_labeled,32,1171,verify,2,13,502661
chord_labeled,32,1171,verify,2,14,506203
chord_labeled,32,1171,verify,2,15,502794
chord_labeled,32,1171,verify,2,16,504140
chord_labeled,32,1171,verify,2,17,502605
chord_labeled,32,1171,verify,2,18,504268
chord_labeled,32,1171,verify,2,19,502553
chord_labeled,32,1171,verify,2,20,504087
chord_labeled,32,1171,verify,2,21,502783
chord_labeled,32,1171,verify,2,22,504103
chord_labeled,32,1171,verify,2,23,502661
chord_labeled,32,1171,verify,2,24,504367
chord_labeled,32,1171,verify,2,25,502852
chord_labeled,32,1171,verify,2,26,504209
chord_labeled,32,1171,verify,2,27,502515
chord_labeled,32,1171,verify,2,28,504433
chord_labeled,32,1171,verify,2,29,502746
chord_labeled,32,1171,verify,2,30,504529
chord_labeled,32,1171,verify,2,31,502703
chord_labeled,32,1171,verify,2,32,504353
chord_labeled,32,1171,verify,2,33,502462
chord_labeled,32,1171,verify,2,34,505157
chord_labeled,32,1171,verify,2,35,502821
chord_labeled,32,1171,verify,2,36,506390
chord_labeled,32,1171,verify,2,37,502758
chord_labeled,32,1171,verify,2,38,504909
chord_labeled,32,1171,verify,2,39,504976
chord_labeled,48,1747,keygen,0,0,180652091
chord_labeled,48,1747,keygen,0,1,176635654
chord_labeled,48,1747,keygen,0,2,171964286
chord_labeled,48,1747,keygen,0,3,171668895
chord_labeled,48,1747,keygen,0,4,172321058
chord_labeled,48,1747,keygen,0,5,173359581
chord_labeled,48,1747,keygen,0,6,176519940
chord_labeled,48,1747,keygen,0,7,181120867
chord_labeled,48,1747,keygen,0,8,173640668
chord_labeled,48,1747,keygen,0,9,173453705
chord_labeled,48,1747,keygen,0,10,178166706
chord_labeled,48,1747,keygen,0,11,180446531
chord_labeled,48,1747,keygen,0,12,178810106
chord_labeled,48,1747,keygen,0,13,176465299
chord_labeled,48,1747,keygen,0,14,171664790
chord_labeled,48,1747,keygen,0,15,173884221
chord_labeled,48,1747,keygen,0,16,172907985
chord_labeled,48,1747,keygen,0,17,181054127
chord_labeled,48,1747,keygen,0,18,178781737
chord_labeled,48,1747,keygen,0,19,172712584
chord_labeled,48,1747,keygen,1,0,171775859
chord_labeled,48,1747,keygen,1,1,172642802
chord_labeled,48,1747,keygen,1,2,177505744
chord_labeled,48,1747,keygen,1,3,181606084
chord_labeled,48,1747,keygen,1,4,175326559
chord_labeled,48,1747,keygen,1,5,170880948
chord_labeled,48,1747,keygen,1,6,171748181
chord_labeled,48,1747,keygen,1,7,170832018
chord_labeled,48,1747,keygen,1,8,177480261
chord_labeled,48,1747,keygen,1,9,171386523
chord_labeled,48,1747,keygen,1,10,170598909
chord_labeled,48,1747,keygen,1,11,170521796
chord_labeled,48,1747,keygen,1,12,168552048
chord_labeled,48,1747,keygen,1,13,172113683
chord_labeled,48,1747,keygen,1,14,184406746
chord_labeled,48,1747,keygen,1,15,172789309
chord_labeled,48,1747,keygen,1,16,169209397
chord_labeled,48,1747,keygen,1,17,167551627
chord_labeled,48,1747,keygen,1,18,173753998
chord_labeled,48,1747,keygen,1,19,170146501
chord_labeled,48,1747,keygen,2,0,178894681
chord_labeled,48,1747,keygen,2,1,174529278
chord_labeled,48,1747,keygen,2,2,170911009
chord_labeled,48,1747,keygen,2,3,166561868
chord_labeled,48,1747,keygen,2,4,167829054
chord_labeled,48,1747,keygen,2,5,170971164
chord_labeled,48,1747,keygen,2,6,177270948
chord_labeled,48,1747,keygen,2,7,170936403
chord_labeled,48,1747,keygen,2,8,169218664
chord_labeled,48,1747,keygen,2,9,169470166
chord_labeled,48,1747,keygen,2,10,193931528
chord_labeled,48,1747,keygen,2,11,199464476
chord_labeled,48,1747,keygen,2,12,199338499
chord_labeled,48,1747,keygen,2,13,183086307
chord_labeled,48,1747,keygen,2,14,177125763
chord_labeled,48,1747,keygen,2,15,175911248
chord_labeled,48,1747,keygen,2,16,175956047
chord_labeled,48,1747,keygen,2,17,177478461
chord_labeled,48,1747,keygen,2,18,172377309
chord_labeled,48,1747,keygen,2,19,177709972
chord_labeled,48,1747,sign,0,0,177434
chord_labeled,48,1747,sign,0,1,179499
chord_labeled,48,1747,sign,0,2,177620
chord_labeled,48,1747,sign,0,3,177511
chord_labeled,48,1747,sign,0,4,177552
chord_labeled,48,1747,sign,0,5,179102
chord_labeled,48,1747,sign,0,6,177522
chord_labeled,48,1747,sign,0,7,179563
chord_labeled,48,1747,sign,0,8,177584
chord_labeled,48,1747,sign,0,9,177532
chord_labeled,48,1747,sign,0,10,177068
chord_labeled,48,1747,sign,0,11,179649
chord_labeled,48,1747,sign,0,12,181284
chord_labeled,48,1747,sign,0,13,179513
chord_labeled,48,1747,sign,0,14,177465
chord_labeled,48,1747,sign,0,15,181695
chord_labeled,48,1747,sign,0,16,177493
chord_labeled,48,1747,sign,0,17,177356
chord_labeled,48,1747,sign,0,18,181159
chord_labeled,48,1747,sign,0,19,177535
chord_labeled,48,1747,sign,0,20,177417
chord_labeled,48,1747,sign,0,21,179378
chord_labeled,48,1747,sign,0,22,177314
chord_labeled,48,1747,sign,0,23,177286
chord_labeled,48,1747,sign,0,24,180628
chord_labeled,48,1747,sign,0,25,177285
chord_labeled,48,1747,sign,0,26,177221
chord_labeled,48,1747,sign,0,27,177632
chord_labeled,48,1747,sign,0,28,177822
chord_labeled,48,1747,sign,0,29,181226
chord_labeled,48,1747,sign,0,30,177540
chord_labeled,48,1747,sign,0,31,177104
chord_labeled,48,1747,sign,0,32,179812
chord_labeled,48,1747,sign,0,33,177730
chord_labeled,48,1747,sign,0,34,177409
chord_labeled,48,1747,sign,0,35,180986
chord_labeled,48,1747,sign,0,36,177526
chord_labeled,48,1747,sign,0,37,179175
chord_labeled,48,1747,sign,0,38,177137
chord_labeled,48,1747,sign,0,39,177218
chord_labeled,48,1747,sign,1,0,179202
chord_labeled,48,1747,sign,1,1,179556
chord_labeled,48,1747,sign,1,2,177533
chord_labeled,48,1747,sign,1,3,177147
chord_labeled,48,1747,sign,1,4,177262
chord_labeled,48,1747,sign,1,5,177148
chord_labeled,48,1747,sign,1,6,177194
chord_labeled,48,1747,sign,1,7,179240
chord_labeled,48,1747,sign,1,8,179058
chord_labeled,48,1747,sign,1,9,177380
chord_labeled,48,1747,sign,1,10,177539
chord_labeled,48,1747,sign,1,11,177150
chord_labeled,48,1747,sign,1,12,178768
chord_labeled,48,1747,sign,1,13,177371
chord_labeled,48,1747,sign,1,14,177315
chord_labeled,48,1747,sign,1,15,177433
chord_labeled,48,1747,sign,1,16,179083
chord_labeled,48,1747,sign,1,17,177668
chord_labeled,48,1747,sign,1,18,179807
chord_labeled,48,1747,sign,1,19,177384
chord_labeled,48,1747,sign,1,20,177269
chord_labeled,48,1747,sign,1,21,177156
chord_labeled,48,1747,sign,1,22,177263
chord_labeled,48,1747,sign,1,23,178660
chord_labeled,48,1747,sign,1,24,179184
chord_labeled,48,1747,sign,1,25,177481
chord_labeled,48,1747,sign,1,26,177179
chord_labeled,48,1747,sign,1,27,177311
chord_labeled,48,1747,sign,1,28,177069
chord_labeled,48,1747,sign,1,29,179057
chord_labeled,48,1747,sign,1,30,177480
chord_labeled,48,1747,sign,1,31,177283
chord_labeled,48,1747,sign,1,32,179176
chord_labeled,48,1747,sign,1,33,177318
chord_labeled,48,1747,sign,1,34,177337
chord_labeled,48,1747,sign,1,35,178912
chord_labeled,48,1747,sign,1,36,177147
chord_labeled,48,1747,sign,1,37,177174
chord_labeled,48,1747,sign,1,38,177140
chord_labeled,48,1747,sign,1,39,177671
chord_labeled,48,1747,sign,2,0,177365
chord_labeled,48,1747,sign,2,1,179024
chord_labeled,48,1747,sign,2,2,177243
chord_labeled,48,1747,sign,2,3,179120
chord_labeled,48,1747,sign,2,4,177000
chord_labeled,48,1747,sign,2,5,177417
chord_labeled,48,1747,sign,2,6,178573
chord_labeled,48,1747,sign,2,7,177187
chord_labeled,48,1747,sign,2,8,177233
chord_labeled,48,1747,sign,2,9,177064
chord_labeled,48,1747,sign,2,10,176998
chord_labeled,48,1747,sign,2,11,178925
chord_labeled,48,1747,sign,2,12,179133
chord_labeled,48,1747,sign,2,13,177539
chord_labeled,48,1747,sign,2,14,177316
chord_labeled,48,1747,sign,2,15,180331
chord_labeled,48,1747,sign,2,16,177565
chord_labeled,48,1747,sign,2,17,177356
chord_labeled,48,1747,sign,2,18,177777
chord_labeled,48,1747,sign,2,19,179152
chord_labeled,48,1747,sign,2,20,177413
chord_labeled,48,1747,sign,2,21,177414
chord_labeled,48,1747,sign,2,22,177491
chord_labeled,48,1747,sign,2,23,179519
chord_labeled,48,1747,sign,2,24,177180
chord_labeled,48,1747,sign,2,25,177486
chord_labeled,48,1747,sign,2,26,177558
chord_labeled,48,1747,sign,2,27,179243
chord_labeled,48,1747,sign,2,28,177355
chord_labeled,48,1747,sign,2,29,179045
chord_labeled,48,1747,sign,2,30,177717
chord_labeled,48,1747,sign,2,31,177449
chord_labeled,48,1747,sign,2,32,177300
chord_labeled,48,1747,sign,2,33,177182
chord_labeled,48,1747,sign,2,34,178775
chord_labeled,48,1747,sign,2,35,178845
chord_labeled,48,1747,sign,2,36,177273
chord_labeled,48,1747,sign,2,37,177511
chord_labeled,48,1747,sign,2,38,177197
chord_labeled,48,1747,sign,2,39,177161
chord_labeled,48,1747,verify,0,0,1570896
chord_labeled,48,1747,verify,0,1,1567121
chord_labeled,48,1747,verify,0,2,1565608
chord_labeled,48,1747,verify,0,3,1567887
chord_labeled,48,1747,verify,0,4,1565461
chord_labeled,48,1747,verify,0,5,1566798
chord_labeled,48,1747,verify,0,6,1565182
chord_labeled,48,1747,verify,0,7,1566877
chord_labeled,48,1747,verify,0,8,1575877
chord_labeled,48,1747,verify,0,9,1566286
chord_labeled,48,1747,verify,0,10,1568101
chord_labeled,48,1747,verify,0,11,1566260
chord_labeled,48,1747,verify,0,12,1568684
chord_labeled,48,1747,verify,0,13,1565920
chord_labeled,48,1747,verify,0,14,1537374
chord_labeled,48,1747,verify,0,15,1565777
chord_labeled,48,1747,verify,0,16,1570547
chord_labeled,48,1747,verify,0,17,1569781
chord_labeled,48,1747,verify,0,18,1569371
chord_labeled,48,1747,verify,0,19,1569333
chord_labeled,48,1747,verify,0,20,1569429
chord_labeled,48,1747,verify,0,21,1570731
chord_labeled,48,1747,verify,0,22,1565933
chord_labeled,48,1747,verify,0,23,1567632
chord_labeled,48,1747,verify,0,24,1575951
chord_labeled,48,1747,verify,0,25,1566291
chord_labeled,48,1747,verify,0,26,1567980
chord_labeled,48,1747,verify,0,27,1566366
chord_labeled,48,1747,verify,0,28,1570566
chord_labeled,48,1747,verify,0,29,1565229
chord_labeled,48,1747,verify,0,30,1567856
chord_labeled,48,1747,verify,0,31,1566964
chord_labeled,48,1747,verify,0,32,1572840
chord_labeled,48,1747,verify,0,33,1568176
chord_labeled,48,1747,verify,0,34,1566504
chord_labeled,48,1747,verify,0,35,1568831
chord_labeled,48,1747,verify,0,36,1567806
chord_labeled,48,1747,verify,0,37,1568248
chord_labeled,48,1747,verify,0,38,1615467
chord_labeled,48,1747,verify,0,39,1719365
chord_labeled,48,1747,verify,1,0,1566362
chord_labeled,48,1747,verify,1,1,1568715
chord_labeled,48,1747,verify,1,2,1568789
chord_labeled,48,1747,verify,1,3,1568607
chord_labeled,48,1747,verify,1,4,1581414
chord_labeled,48,1747,verify,1,5,1567365
chord_labeled,48,1747,verify,1,6,1579333
chord_labeled,48,1747,verify,1,7,1568140
chord_labeled,48,1747,verify,1,8,1570057
chord_labeled,48,1747,verify,1,9,1569676
chord_labeled,48,1747,verify,1,10,1569377
chord_labeled,48,1747,verify,1,11,1568333
chord_labeled,48,1747,verify,1,12,1566567
chord_labeled,48,1747,verify,1,13,1568232
chord_labeled,48,1747,verify,1,14,1566485
chord_labeled,48,1747,verify,1,15,1568156
chord_labeled,48,1747,verify,1,16,1566551
chord_labeled,48,1747,verify,1,17,1569236
chord_labeled,48,1747,verify,1,18,1568416
chord_labeled,48,1747,verify,1,19,1690895
chord_labeled,48,1747,verify,1,20,1967348
chord_labeled,48,1747,verify,1,21,1590999
chord_labeled,48,1747,verify,1,22,1570779
chord_labeled,48,1747,verify,1,23,1570652
chord_labeled,48,1747,verify,1,24,1565858
chord_labeled,48,1747,verify,1,25,1566839
chord_labeled,48,1747,verify,1,26,1566800
chord_labeled,48,1747,verify,1,27,1565406
chord_labeled,48,1747,verify,1,28,1567516
chord_labeled,48,1747,verify,1,29,1630894
chord_labeled,48,1747,verify,1,30,1900159
chord_labeled,48,1747,verify,1,31,1840586
chord_labeled,48,1747,verify,1,32,1585977
chord_labeled,48,1747,verify,1,33,1567171
chord_labeled,48,1747,verify,1,34,1568835
chord_labeled,48,1747,verify,1,35,1569326
chord_labeled,48,1747,verify,1,36,1567701
chord_labeled,48,1747,verify,1,37,1567610
chord_labeled,48,1747,verify,1,38,1567233
chord_labeled,48,1747,verify,1,39,1567661
chord_labeled,48,1747,verify,2,0,1567078
chord_labeled,48,1747,verify,2,1,1566511
chord_labeled,48,1747,verify,2,2,1567707
chord_labeled,48,1747,verify,2,3,1591016
chord_labeled,48,1747,verify,2,4,1634536
chord_labeled,48,1747,verify,2,5,1589414
chord_labeled,48,1747,verify,2,6,1576286
chord_labeled,48,1747,verify,2,7,1568655
chord_labeled,48,1747,verify,2,8,1566448
chord_labeled,48,1747,verify,2,9,1568710
chord_labeled,48,1747,verify,2,10,1566920
chord_labeled,48,1747,verify,2,11,1581978
chord_labeled,48,1747,verify,2,12,1622290
chord_labeled,48,1747,verify,2,13,1628402
chord_labeled,48,1747,verify,2,14,1597576
chord_labeled,48,1747,verify,2,15,1599378
chord_labeled,48,1747,verify,2,16,1660692
chord_labeled,48,1747,verify,2,17,1597111
chord_labeled,48,1747,verify,2,18,1580895
chord_labeled,48,1747,verify,2,19,1569862
chord_labeled,48,1747,verify,2,20,1619082
chord_labeled,48,1747,verify,2,21,1567210
chord_labeled,48,1747,verify,2,22,1568623
chord_labeled,48,1747,verify,2,23,1566253
chord_labeled,48,1747,verify,2,24,1569496
chord_labeled,48,1747,verify,2,25,1566299
chord_labeled,48,1747,verify,2,26,1570750
chord_labeled,48,1747,verify,2,27,1568251
chord_labeled,48,1747,verify,2,28,1568001
chord_labeled,48,1747,verify,2,29,1569321
chord_labeled,48,1747,verify,2,30,1566563
chord_labeled,48,1747,verify,2,31,1567870
chord_labeled,48,1747,verify,2,32,1566721
chord_labeled,48,1747,verify,2,33,1568705
chord_labeled,48,1747,verify,2,34,1568824
chord_labeled,48,1747,verify,2,35,1569731
chord_labeled,48,1747,verify,2,36,1629528
chord_labeled,48,1747,verify,2,37,1584112
chord_labeled,48,1747,verify,2,38,1574408
chord_labeled,48,1747,verify,2,39,1567983
tri_chord,8,103,keygen,0,0,218491
tri_chord,8,103,keygen,0,1,232712
tri_chord,8,103,keygen,0,2,215719
tri_chord,8,103,keygen,0,3,219325
tri_chord,8,103,keygen,0,4,228638
tri_chord,8,103,keygen,0,5,224513
tri_chord,8,103,keygen,0,6,219078
tri_chord,8,103,keygen,0,7,214738
tri_chord,8,103,keygen,0,8,216305
tri_chord,8,103,keygen,0,9,215236
tri_chord,8,103,keygen,0,10,219911
tri_chord,8,103,keygen,0,11,216385
tri_chord,8,103,keygen,0,12,217259
tri_chord,8,103,keygen,0,13,215556
tri_chord,8,103,keygen,0,14,220363
tri_chord,8,103,keygen,0,15,214896
tri_chord,8,103,keygen,0,16,228596
tri_chord,8,103,keygen,0,17,218676
tri_chord,8,103,keygen,0,18,216414
tri_chord,8,103,keygen,0,19,220456
tri_chord,8,103,keygen,1,0,218350
tri_chord,8,103,keygen,1,1,215811
tri_chord,8,103,keygen,1,2,216247
tri_chord,8,103,keygen,1,3,219909
tri_chord,8,103,keygen,1,4,216183
tri_chord,8,103,keygen,1,5,218532
tri_chord,8,103,keygen,1,6,214626
tri_chord,8,103,keygen,1,7,217703
tri_chord,8,103,keygen,1,8,217622
tri_chord,8,103,keygen,1,9,216744
tri_chord,8,103,keygen,1,10,216224
tri_chord,8,103,keygen,1,11,217089
tri_chord,8,103,keygen,1,12,215093
tri_chord,8,103,keygen,1,13,220995
tri_chord,8,103,keygen,1,14,215462
tri_chord,8,103,keygen,1,15,218359
tri_chord,8,103,keygen,1,16,214045
tri_chord,8,103,keygen,1,17,220046
tri_chord,8,103,keygen,1,18,216371
tri_chord,8,103,keygen,1,19,215932
tri_chord,8,103,keygen,2,0,218150
tri_chord,8,103,keygen,2,1,218964
tri_chord,8,103,keygen,2,2,216268
tri_chord,8,103,keygen,2,3,217006
tri_chord,8,103,keygen,2,4,217131
tri_chord,8,103,keygen,2,5,215353
tri_chord,8,103,keygen,2,6,220590
tri_chord,8,103,keygen,2,7,214483
tri_chord,8,103,keygen,2,8,217976
tri_chord,8,103,keygen,2,9,213846
tri_chord,8,103,keygen,2,10,217477
tri_chord,8,103,keygen,2,11,284566
tri_chord,8,103,keygen,2,12,278985
tri_chord,8,103,keygen,2,13,217315
tri_chord,8,103,keygen,2,14,217931
tri_chord,8,103,keygen,2,15,221756
tri_chord,8,103,keygen,2,16,216494
tri_chord,8,103,keygen,2,17,215378
tri_chord,8,103,keygen,2,18,217727
tri_chord,8,103,keygen,2,19,215486
tri_chord,8,103,sign,0,0,18111
tri_chord,8,103,sign,0,1,18106
tri_chord,8,103,sign,0,2,19790
tri_chord,8,103,sign,0,3,18039
tri_chord,8,103,sign,0,4,17926
tri_chord,8,103,sign,0,5,18017
tri_chord,8,103,sign,0,6,19722
tri_chord,8,103,sign,0,7,18079
tri_chord,8,103,sign,0,8,18213
tri_chord,8,103,sign,0,9,18027
tri_chord,8,103,sign,0,10,19756
tri_chord,8,103,sign,0,11,18102
tri_chord,8,103,sign,0,12,17972
tri_chord,8,103,sign,0,13,19781
tri_chord,8,103,sign,0,14,18058
tri_chord,8,103,sign,0,15,18012
tri_chord,8,103,sign,0,16,17961
tri_chord,8,103,sign,0,17,19703
tri_chord,8,103,sign,0,18,17989
tri_chord,8,103,sign,0,19,18037
tri_chord,8,103,sign,0,20,18027
tri_chord,8,103,sign,0,21,19736
tri_chord,8,103,sign,0,22,17961
tri_chord,8,103,sign,0,23,18098
tri_chord,8,103,sign,0,24,19650
tri_chord,8,103,sign,0,25,17960
tri_chord,8,103,sign,0,26,18020
tri_chord,8,103,sign,0,27,17964
tri_chord,8,103,sign,0,28,19702
tri_chord,8,103,sign,0,29,17911
tri_chord,8,103,sign,0,30,17998
tri_chord,8,103,sign,0,31,17947
tri_chord,8,103,sign,0,32,19632
tri_chord,8,103,sign,0,33,18021
tri_chord,8,103,sign,0,34,17935
tri_chord,8,103,sign,0,35,19686
tri_chord,8,103,sign,0,36,17987
tri_chord,8,103,sign,0,37,18037
tri_chord,8,103,sign,0,38,17995
tri_chord,8,103,sign,0,39,19682
tri_chord,8,103,sign,1,0,18043
tri_chord,8,103,sign,1,1,22168
tri_chord,8,103,sign,1,2,17945
tri_chord,8,103,sign,1,3,18042
tri_chord,8,103,sign,1,4,17958
tri_chord,8,103,sign,1,5,19664
tri_chord,8,103,sign,1,6,17910
tri_chord,8,103,sign,1,7,17937
tri_chord,8,103,sign,1,8,17935
tri_chord,8,103,sign,1,9,19657
tri_chord,8,103,sign,1,10,18036
tri_chord,8,103,sign,1,11,17981
tri_chord,8,103,sign,1,12,19703
tri_chord,8,103,sign,1,13,17939
tri_chord,8,103,sign,1,14,17911
tri_chord,8,103,sign,1,15,18026
tri_chord,8,103,sign,1,16,19671
tri_chord,8,103,sign,1,17,17953
tri_chord,8,103,sign,1,18,17917
tri_chord,8,103,sign,1,19,17953
tri_chord,8,103,sign,1,20,23135
tri_chord,8,103,sign,1,21,22129
tri_chord,8,103,sign,1,22,23263
tri_chord,8,103,sign,1,23,28618
tri_chord,8,103,sign,1,24,24229
tri_chord,8,103,sign,1,25,22668
tri_chord,8,103,sign,1,26,24364
tri_chord,8,103,sign,1,27,28891
tri_chord,8,103,sign,1,28,23963
tri_chord,8,103,sign,1,29,23914
tri_chord,8,103,sign,1,30,25605
tri_chord,8,103,sign,1,31,28964
tri_chord,8,103,sign,1,32,25659
tri_chord,8,103,sign,1,33,26410
tri_chord,8,103,sign,1,34,31022
tri_chord,8,103,sign,1,35,26334
tri_chord,8,103,sign,1,36,18227
tri_chord,8,103,sign,1,37,18094
tri_chord,8,103,sign,1,38,19875
tri_chord,8,103,sign,1,39,17978
tri_chord,8,103,sign,2,0,17987
tri_chord,8,103,sign,2,1,19763
tri_chord,8,103,sign,2,2,18050
tri_chord,8,103,sign,2,3,23191
tri_chord,8,103,sign,2,4,19872
tri_chord,8,103,sign,2,5,17967
tri_chord,8,103,sign,2,6,18019
tri_chord,8,103,sign,2,7,18014
tri_chord,8,103,sign,2,8,19652
tri_chord,8,103,sign,2,9,18067
tri_chord,8,103,sign,2,10,17983
tri_chord,8,103,sign,2,11,17959
tri_chord,8,103,sign,2,12,19681
tri_chord,8,103,sign,2,13,18036
tri_chord,8,103,sign,2,14,17890
tri_chord,8,103,sign,2,15,19746
tri_chord,8,103,sign,2,16,17935
tri_chord,8,103,sign,2,17,17960
tri_chord,8,103,sign,2,18,17941
tri_chord,8,103,sign,2,19,19673
tri_chord,8,103,sign,2,20,17994
tri_chord,8,103,sign,2,21,17866
tri_chord,8,103,sign,2,22,17960
tri_chord,8,103,sign,2,23,19730
tri_chord,8,103,sign,2,24,17942
tri_chord,8,103,sign,2,25,17961
tri_chord,8,103,sign,2,26,19644
tri_chord,8,103,sign,2,27,17933
tri_chord,8,103,sign,2,28,18019
tri_chord,8,103,sign,2,29,17904
tri_chord,8,103,sign,2,30,19705
tri_chord,8,103,sign,2,31,17877
tri_chord,8,103,sign,2,32,17979
tri_chord,8,103,sign,2,33,17931
tri_chord,8,103,sign,2,34,19692
tri_chord,8,103,sign,2,35,18007
tri_chord,8,103,sign,2,36,17965
tri_chord,8,103,sign,2,37,19738
tri_chord,8,103,sign,2,38,17941
tri_chord,8,103,sign,2,39,17984
tri_chord,8,103,verify,0,0,11297
tri_chord,8,103,verify,0,1,11298
tri_chord,8,103,verify,0,2,11277
tri_chord,8,103,verify,0,3,11333
tri_chord,8,103,verify,0,4,11348
tri_chord,8,103,verify,0,5,11290
tri_chord,8,103,verify,0,6,11396
tri_chord,8,103,verify,0,7,11296
tri_chord,8,103,verify,0,8,11297
tri_chord,8,103,verify,0,9,11425
tri_chord,8,103,verify,0,10,11282
tri_chord,8,103,verify,0,11,11321
tri_chord,8,103,verify,0,12,11323
tri_chord,8,103,verify,0,13,11239
tri_chord,8,103,verify,0,14,11327
tri_chord,8,103,verify,0,15,11266
tri_chord,8,103,verify,0,16,11445
tri_chord,8,103,verify,0,17,11379
tri_chord,8,103,verify,0,18,11321
tri_chord,8,103,verify,0,19,11340
tri_chord,8,103,verify,0,20,11349
tri_chord,8,103,verify,0,21,11376
tri_chord,8,103,verify,0,22,11287
tri_chord,8,103,verify,0,23,11275
tri_chord,8,103,verify,0,24,11290
tri_chord,8,103,verify,0,25,11310
tri_chord,8,103,verify,0,26,11309
tri_chord,8,103,verify,0,27,11276
tri_chord,8,103,verify,0,28,11277
tri_chord,8,103,verify,0,29,11303
tri_chord,8,103,verify,0,30,11290
tri_chord,8,103,verify,0,31,11274
tri_chord,8,103,verify,0,32,11212
tri_chord,8,103,verify,0,33,11257
tri_chord,8,103,verify,0,34,11325
tri_chord,8,103,verify,0,35,11277
tri_chord,8,103,verify,0,36,11306
tri_chord,8,103,verify,0,37,11275
tri_chord,8,103,verify,0,38,11325
tri_chord,8,103,verify,0,39,11314
tri_chord,8,103,verify,1,0,11551
tri_chord,8,103,verify,1,1,11353
tri_chord,8,103,verify,1,2,12091
tri_chord,8,103,verify,1,3,11670
tri_chord,8,103,verify,1,4,11389
tri_chord,8,103,verify,1,5,11396
tri_chord,8,103,verify,1,6,11279
tri_chord,8,103,verify,1,7,11284
tri_chord,8,103,verify,1,8,11516
tri_chord,8,103,verify,1,9,11855
tri_chord,8,103,verify,1,10,11342
tri_chord,8,103,verify,1,11,11397
tri_chord,8,103,verify,1,12,11296
tri_chord,8,103,verify,1,13,11358
tri_chord,8,103,verify,1,14,11337
tri_chord,8,103,verify,1,15,11185
tri_chord,8,103,verify,1,16,11335
tri_chord,8,103,verify,1,17,11292
tri_chord,8,103,verify,1,18,11317
tri_chord,8,103,verify,1,19,15182
tri_chord,8,103,verify,1,20,11258
tri_chord,8,103,verify,1,21,11363
tri_chord,8,103,verify,1,22,11259
tri_chord,8,103,verify,1,23,11235
tri_chord,8,103,verify,1,24,11340
tri_chord,8,103,verify,1,25,11219
tri_chord,8,103,verify,1,26,11241
tri_chord,8,103,verify,1,27,11365
tri_chord,8,103,verify,1,28,11278
tri_chord,8,103,verify,1,29,11333
tri_chord,8,103,verify,1,30,11358
tri_chord,8,103,verify,1,31,11301
tri_chord,8,103,verify,1,32,11275
tri_chord,8,103,verify,1,33,11282
tri_chord,8,103,verify,1,34,11217
tri_chord,8,103,verify,1,35,11280
tri_chord,8,103,verify,1,36,11241
tri_chord,8,103,verify,1,37,11277
tri_chord,8,103,verify,1,38,11278
tri_chord,8,103,verify,1,39,11349
tri_chord,8,103,verify,2,0,11284
tri_chord,8,103,verify,2,1,11336
tri_chord,8,103,verify,2,2,11224
tri_chord,8,103,verify,2,3,11305
tri_chord,8,103,verify,2,4,11261
tri_chord,8,103,verify,2,5,11321
tri_chord,8,103,verify,2,6,11289
tri_chord,8,103,verify,2,7,11333
tri_chord,8,103,verify,2,8,11330
tri_chord,8,103,verify,2,9,11260
tri_chord,8,103,verify,2,10,11282
tri_chord,8,103,verify,2,11,11276
tri_chord,8,103,verify,2,12,11328
tri_chord,8,103,verify,2,13,11308
tri_chord,8,103,verify,2,14,11328
tri_chord,8,103,verify,2,15,11261
tri_chord,8,103,verify,2,16,11374
tri_chord,8,103,verify,2,17,11317
tri_chord,8,103,verify,2,18,11255
tri_chord,8,103,verify,2,19,11281
tri_chord,8,103,verify,2,20,11332
tri_chord,8,103,verify,2,21,11281
tri_chord,8,103,verify,2,22,11236
tri_chord,8,103,verify,2,23,11294
tri_chord,8,103,verify,2,24,11267
tri_chord,8,103,verify,2,25,11322
tri_chord,8,103,verify,2,26,11293
tri_chord,8,103,verify,2,27,11276
tri_chord,8,103,verify,2,28,11253
tri_chord,8,103,verify,2,29,11273
tri_chord,8,103,verify,2,30,11316
tri_chord,8,103,verify,2,31,11349
tri_chord,8,103,verify,2,32,11260
tri_chord,8,103,verify,2,33,11321
tri_chord,8,103,verify,2,34,11354
tri_chord,8,103,verify,2,35,11269
tri_chord,8,103,verify,2,36,11306
tri_chord,8,103,verify,2,37,11292
tri_chord,8,103,verify,2,38,11335
tri_chord,8,103,verify,2,39,11298
tri_chord,16,67,keygen,0,0,966380
tri_chord,16,67,keygen,0,1,980244
tri_chord,16,67,keygen,0,2,1015711
tri_chord,16,67,keygen,0,3,1025638
tri_chord,16,67,keygen,0,4,1004331
tri_chord,16,67,keygen,0,5,988336
tri_chord,16,67,keygen,0,6,987785
tri_chord,16,67,keygen,0,7,986397
tri_chord,16,67,keygen,0,8,1055525
tri_chord,16,67,keygen,0,9,1113728
tri_chord,16,67,keygen,0,10,1038910
tri_chord,16,67,keygen,0,11,1006213
tri_chord,16,67,keygen,0,12,1016086
tri_chord,16,67,keygen,0,13,1035047
tri_chord,16,67,keygen,0,14,1045224
tri_chord,16,67,keygen,0,15,1082965
tri_chord,16,67,keygen,0,16,1042108
tri_chord,16,67,keygen,0,17,1029562
tri_chord,16,67,keygen,0,18,1006248
tri_chord,16,67,keygen,0,19,1013393
tri_chord,16,67,keygen,1,0,1011586
tri_chord,16,67,keygen,1,1,1008997
tri_chord,16,67,keygen,1,2,1010253
tri_chord,16,67,keygen,1,3,1010321
tri_chord,16,67,keygen,1,4,1002466
tri_chord,16,67,keygen,1,5,1010150
tri_chord,16,67,keygen,1,6,1043538
tri_chord,16,67,keygen,1,7,1024843
tri_chord,16,67,keygen,1,8,1048832
tri_chord,16,67,keygen,1,9,1025895
tri_chord,16,67,keygen,1,10,1004058
tri_chord,16,67,keygen,1,11,1009941
tri_chord,16,67,keygen,1,12,1008355
tri_chord,16,67,keygen,1,13,1008215
tri_chord,16,67,keygen,1,14,1008929
tri_chord,16,67,keygen,1,15,1089586
tri_chord,16,67,keygen,1,16,1005935
tri_chord,16,67,keygen,1,17,1016135
tri_chord,16,67,keygen,1,18,1005849
tri_chord,16,67,keygen,1,19,1033434
tri_chord,16,67,keygen,2,0,1057471
tri_chord,16,67,keygen,2,1,1032247
tri_chord,16,67,keygen,2,2,1016534
tri_chord,16,67,keygen,2,3,1022088
tri_chord,16,67,keygen,2,4,1016987
tri_chord,16,67,keygen,2,5,1111619
tri_chord,16,67,keygen,2,6,1010999
tri_chord,16,67,keygen,2,7,1015152
tri_chord,16,67,keygen,2,8,1012571
tri_chord,16,67,keygen,2,9,1010201
tri_chord,16,67,keygen,2,10,1010593
tri_chord,16,67,keygen,2,11,1038036
tri_chord,16,67,keygen,2,12,1008469
tri_chord,16,67,keygen,2,13,1178628
tri_chord,16,67,keygen,2,14,1014361
tri_chord,16,67,keygen,2,15,1052951
tri_chord,16,67,keygen,2,16,1029709
tri_chord,16,67,keygen,2,17,1047211
tri_chord,16,67,keygen,2,18,1041780
tri_chord,16,67,keygen,2,19,1029184
tri_chord,16,67,sign,0,0,35576
tri_chord,16,67,sign,0,1,37176
tri_chord,16,67,sign,0,2,35215
tri_chord,16,67,sign,0,3,37197
tri_chord,16,67,sign,0,4,35247
tri_chord,16,67,sign,0,5,37086
tri_chord,16,67,sign,0,6,35184
tri_chord,16,67,sign,0,7,37118
tri_chord,16,67,sign,0,8,35115
tri_chord,16,67,sign,0,9,37105
tri_chord,16,67,sign,0,10,35069
tri_chord,16,67,sign,0,11,37088
tri_chord,16,67,sign,0,12,35163
tri_chord,16,67,sign,0,13,37010
tri_chord,16,67,sign,0,14,35126
tri_chord,16,67,sign,0,15,36960
tri_chord,16,67,sign,0,16,35182
tri_chord,16,67,sign,0,17,43214
tri_chord,16,67,sign,0,18,35286
tri_chord,16,67,sign,0,19,37102
tri_chord,16,67,sign,0,20,35249
tri_chord,16,67,sign,0,21,49588
tri_chord,16,67,sign,0,22,34233
tri_chord,16,67,sign,0,23,34144
tri_chord,16,67,sign,0,24,35953
tri_chord,16,67,sign,0,25,34131
tri_chord,16,67,sign,0,26,36064
tri_chord,16,67,sign,0,27,34175
tri_chord,16,67,sign,0,28,35948
tri_chord,16,67,sign,0,29,34185
tri_chord,16,67,sign,0,30,36008
tri_chord,16,67,sign,0,31,34179
tri_chord,16,67,sign,0,32,35944
tri_chord,16,67,sign,0,33,34210
tri_chord,16,67,sign,0,34,36009
tri_chord,16,67,sign,0,35,34179
tri_chord,16,67,sign,0,36,35987
tri_chord,16,67,sign,0,37,34209
tri_chord,16,67,sign,0,38,36037
tri_chord,16,67,sign,0,39,34156
tri_chord,16,67,sign,1,0,34197
tri_chord,16,67,sign,1,1,34257
tri_chord,16,67,sign,1,2,36180
tri_chord,16,67,sign,1,3,34194
tri_chord,16,67,sign,1,4,36043
tri_chord,16,67,sign,1,5,34150
tri_chord,16,67,sign,1,6,35991
tri_chord,16,67,sign,1,7,34209
tri_chord,16,67,sign,1,8,36057
tri_chord,16,67,sign,1,9,34118
tri_chord,16,67,sign,1,10,35881
tri_chord,16,67,sign,1,11,34355
tri_chord,16,67,sign,1,12,36043
tri_chord,16,67,sign,1,13,34231
tri_chord,16,67,sign,1,14,35992
tri_chord,16,67,sign,1,15,34212
tri_chord,16,67,sign,1,16,35973
tri_chord,16,67,sign,1,17,34220
tri_chord,16,67,sign,1,18,36096
tri_chord,16,67,sign,1,19,34257
tri_chord,16,67,sign,1,20,36059
tri_chord,16,67,sign,1,21,34196
tri_chord,16,67,sign,1,22,35958
tri_chord,16,67,sign,1,23,34140
tri_chord,16,67,sign,1,24,34211
tri_chord,16,67,sign,1,25,35990
tri_chord,16,67,sign,1,26,34159
tri_chord,16,67,sign,1,27,37334
tri_chord,16,67,sign,1,28,34353
tri_chord,16,67,sign,1,29,36061
tri_chord,16,67,sign,1,30,34181
tri_chord,16,67,sign,1,31,36021
tri_chord,16,67,sign,1,32,34164
tri_chord,16,67,sign,1,33,35892
tri_chord,16,67,sign,1,34,34210
tri_chord,16,67,sign,1,35,36023
tri_chord,16,67,sign,1,36,34081
tri_chord,16,67,sign,1,37,35910
tri_chord,16,67,sign,1,38,34171
tri_chord,16,67,sign,1,39,36010
tri_chord,16,67,sign,2,0,34324
tri_chord,16,67,sign,2,1,36426
tri_chord,16,67,sign,2,2,34322
tri_chord,16,67,sign,2,3,36140
tri_chord,16,67,sign,2,4,34322
tri_chord,16,67,sign,2,5,36035
tri_chord,16,67,sign,2,6,34183
tri_chord,16,67,sign,2,7,36174
tri_chord,16,67,sign,2,8,34262
tri_chord,16,67,sign,2,9,35954
tri_chord,16,67,sign,2,10,36458
tri_chord,16,67,sign,2,11,36045
tri_chord,16,67,sign,2,12,34161
tri_chord,16,67,sign,2,13,36090
tri_chord,16,67,sign,2,14,34236
tri_chord,16,67,sign,2,15,35945
tri_chord,16,67,sign,2,16,34178
tri_chord,16,67,sign,2,17,35928
tri_chord,16,67,sign,2,18,34192
tri_chord,16,67,sign,2,19,36005
tri_chord,16,67,sign,2,20,34270
tri_chord,16,67,sign,2,21,35962
tri_chord,16,67,sign,2,22,34176
tri_chord,16,67,sign,2,23,34127
tri_chord,16,67,sign,2,24,35957
tri_chord,16,67,sign,2,25,34183
tri_chord,16,67,sign,2,26,35857
tri_chord,16,67,sign,2,27,34202
tri_chord,16,67,sign,2,28,36085
tri_chord,16,67,sign,2,29,34102
tri_chord,16,67,sign,2,30,35904
tri_chord,16,67,sign,2,31,34233
tri_chord,16,67,sign,2,32,36036
tri_chord,16,67,sign,2,33,34086
tri_chord,16,67,sign,2,34,36087
tri_chord,16,67,sign,2,35,34192
tri_chord,16,67,sign,2,36,35838
tri_chord,16,67,sign,2,37,34138
tri_chord,16,67,sign,2,38,37878
tri_chord,16,67,sign,2,39,34223
tri_chord,16,67,verify,0,0,15491
tri_chord,16,67,verify,0,1,15626
tri_chord,16,67,verify,0,2,15537
tri_chord,16,67,verify,0,3,15534
tri_chord,16,67,verify,0,4,15516
tri_chord,16,67,verify,0,5,15601
tri_chord,16,67,verify,0,6,15563
tri_chord,16,67,verify,0,7,15457
tri_chord,16,67,verify,0,8,15410
tri_chord,16,67,verify,0,9,15533
tri_chord,16,67,verify,0,10,15498
tri_chord,16,67,verify,0,11,15341
tri_chord,16,67,verify,0,12,15343
tri_chord,16,67,verify,0,13,15594
tri_chord,16,67,verify,0,14,15501
tri_chord,16,67,verify,0,15,15531
tri_chord,16,67,verify,0,16,15511
tri_chord,16,67,verify,0,17,15489
tri_chord,16,67,verify,0,18,15560
tri_chord,16,67,verify,0,19,15487
tri_chord,16,67,verify,0,20,15493
tri_chord,16,67,verify,0,21,15566
tri_chord,16,67,verify,0,22,15352
tri_chord,16,67,verify,0,23,15345
tri_chord,16,67,verify,0,24,15363
tri_chord,16,67,verify,0,25,15461
tri_chord,16,67,verify,0,26,15334
tri_chord,16,67,verify,0,27,15333
tri_chord,16,67,verify,0,28,15342
tri_chord,16,67,verify,0,29,16933
tri_chord,16,67,verify,0,30,15569
tri_chord,16,67,verify,0,31,15534
tri_chord,16,67,verify,0,32,15508
tri_chord,16,67,verify,0,33,15516
tri_chord,16,67,verify,0,34,15313
tri_chord,16,67,verify,0,35,15459
tri_chord,16,67,verify,0,36,15394
tri_chord,16,67,verify,0,37,15332
tri_chord,16,67,verify,0,38,15532
tri_chord,16,67,verify,0,39,15358
tri_chord,16,67,verify,1,0,15130
tri_chord,16,67,verify,1,1,15114
tri_chord,16,67,verify,1,2,15100
tri_chord,16,67,verify,1,3,15141
tri_chord,16,67,verify,1,4,15122
tri_chord,16,67,verify,1,5,15125
tri_chord,16,67,verify,1,6,15173
tri_chord,16,67,verify,1,7,15184
tri_chord,16,67,verify,1,8,15087
tri_chord,16,67,verify,1,9,15029
tri_chord,16,67,verify,1,10,15085
tri_chord,16,67,verify,1,11,15138
tri_chord,16,67,verify,1,12,15197
tri_chord,16,67,verify,1,13,15157
tri_chord,16,67,verify,1,14,15037
tri_chord,16,67,verify,1,15,15143
tri_chord,16,67,verify,1,16,15099
tri_chord,16,67,verify,1,17,15100
tri_chord,16,67,verify,1,18,15101
tri_chord,16,67,verify,1,19,14959
tri_chord,16,67,verify,1,20,14949
tri_chord,16,67,verify,1,21,14966
tri_chord,16,67,verify,1,22,22278
tri_chord,16,67,verify,1,23,15020
tri_chord,16,67,verify,1,24,14946
tri_chord,16,67,verify,1,25,15106
tri_chord,16,67,verify,1,26,15072
tri_chord,16,67,verify,1,27,15166
tri_chord,16,67,verify,1,28,15151
tri_chord,16,67,verify,1,29,15123
tri_chord,16,67,verify,1,30,15115
tri_chord,16,67,verify,1,31,27936
tri_chord,16,67,verify,1,32,15405
tri_chord,16,67,verify,1,33,15347
tri_chord,16,67,verify,1,34,15580
tri_chord,16,67,verify,1,35,15456
tri_chord,16,67,verify,1,36,15631
tri_chord,16,67,verify,1,37,15617
tri_chord,16,67,verify,1,38,15545
tri_chord,16,67,verify,1,39,15548
tri_chord,16,67,verify,2,0,15112
tri_chord,16,67,verify,2,1,15119
tri_chord,16,67,verify,2,2,14984
tri_chord,16,67,verify,2,3,15158
tri_chord,16,67,verify,2,4,15205
tri_chord,16,67,verify,2,5,15115
tri_chord,16,67,verify,2,6,15008
tri_chord,16,67,verify,2,7,15019
tri_chord,16,67,verify,2,8,16857
tri_chord,16,67,verify,2,9,19769
tri_chord,16,67,verify,2,10,22640
tri_chord,16,67,verify,2,11,28014
tri_chord,16,67,verify,2,12,28780
tri_chord,16,67,verify,2,13,20374
tri_chord,16,67,verify,2,14,15370
tri_chord,16,67,verify,2,15,15088
tri_chord,16,67,verify,2,16,16840
tri_chord,16,67,verify,2,17,16749
tri_chord,16,67,verify,2,18,14979
tri_chord,16,67,verify,2,19,22403
tri_chord,16,67,verify,2,20,23757
tri_chord,16,67,verify,2,21,37917
tri_chord,16,67,verify,2,22,23363
tri_chord,16,67,verify,2,23,19199
tri_chord,16,67,verify,2,24,16288
tri_chord,16,67,verify,2,25,19759
tri_chord,16,67,verify,2,26,15449
tri_chord,16,67,verify,2,27,15421
tri_chord,16,67,verify,2,28,15534
tri_chord,16,67,verify,2,29,15459
tri_chord,16,67,verify,2,30,15548
tri_chord,16,67,verify,2,31,15555
tri_chord,16,67,verify,2,32,15438
tri_chord,16,67,verify,2,33,15532
tri_chord,16,67,verify,2,34,15401
tri_chord,16,67,verify,2,35,15418
tri_chord,16,67,verify,2,36,15610
tri_chord,16,67,verify,2,37,15525
tri_chord,16,67,verify,2,38,15505
tri_chord,16,67,verify,2,39,15540
tri_chord,32,131,keygen,0,0,5566850
tri_chord,32,131,keygen,0,1,5671431
tri_chord,32,131,keygen,0,2,5576537
tri_chord,32,131,keygen,0,3,5556314
tri_chord,32,131,keygen,0,4,5484209
tri_chord,32,131,keygen,0,5,5455226
tri_chord,32,131,keygen,0,6,5997318
tri_chord,32,131,keygen,0,7,5559018
tri_chord,32,131,keygen,0,8,5495579
tri_chord,32,131,keygen,0,9,5592687
tri_chord,32,131,keygen,0,10,5501814
tri_chord,32,131,keygen,0,11,5565606
tri_chord,32,131,keygen,0,12,5488481
tri_chord,32,131,keygen,0,13,5465772
tri_chord,32,131,keygen,0,14,5552267
tri_chord,32,131,keygen,0,15,5592559
tri_chord,32,131,keygen,0,16,5851765
tri_chord,32,131,keygen,0,17,5628191
tri_chord,32,131,keygen,0,18,5531805
tri_chord,32,131,keygen,0,19,5636548
tri_chord,32,131,keygen,1,0,5485291
tri_chord,32,131,keygen,1,1,5563727
tri_chord,32,131,keygen,1,2,5852864
tri_chord,32,131,keygen,1,3,5909441
tri_chord,32,131,keygen,1,4,6055863
tri_chord,32,131,keygen,1,5,6061621
tri_chord,32,131,keygen,1,6,5698037
tri_chord,32,131,keygen,1,7,5588320
tri_chord,32,131,keygen,1,8,5509852
tri_chord,32,131,keygen,1,9,5420022
tri_chord,32,131,keygen,1,10,5404316
tri_chord,32,131,keygen,1,11,5509712
tri_chord,32,131,keygen,1,12,5440867
tri_chord,32,131,keygen,1,13,5416190
tri_chord,32,131,keygen,1,14,5414408
tri_chord,32,131,keygen,1,15,5418054
tri_chord,32,131,keygen,1,16,5427301
tri_chord,32,131,keygen,1,17,5414960
tri_chord,32,131,keygen,1,18,5932766
tri_chord,32,131,keygen,1,19,5422088
tri_chord,32,131,keygen,2,0,5414669
tri_chord,32,131,keygen,2,1,5414265
tri_chord,32,131,keygen,2,2,5401620
tri_chord,32,131,keygen,2,3,5420399
tri_chord,32,131,keygen,2,4,5413852
tri_chord,32,131,keygen,2,5,5420657
tri_chord,32,131,keygen,2,6,5413987
tri_chord,32,131,keygen,2,7,5411516
tri_chord,32,131,keygen,2,8,5443048
tri_chord,32,131,keygen,2,9,5415537
tri_chord,32,131,keygen,2,10,5409075
tri_chord,32,131,keygen,2,11,5439352
tri_chord,32,131,keygen,2,12,5490768
tri_chord,32,131,keygen,2,13,5717528
tri_chord,32,131,keygen,2,14,5622588
tri_chord,32,131,keygen,2,15,5493834
tri_chord,32,131,keygen,2,16,5667374
tri_chord,32,131,keygen,2,17,5542630
tri_chord,32,131,keygen,2,18,5519477
tri_chord,32,131,keygen,2,19,5691382
tri_chord,32,131,sign,0,0,95722
tri_chord,32,131,sign,0,1,91815
tri_chord,32,131,sign,0,2,89228
tri_chord,32,131,sign,0,3,91246
tri_chord,32,131,sign,0,4,91558
tri_chord,32,131,sign,0,5,91342
tri_chord,32,131,sign,0,6,91382
tri_chord,32,131,sign,0,7,91274
tri_chord,32,131,sign,0,8,91136
tri_chord,32,131,sign,0,9,91084
tri_chord,32,131,sign,0,10,91208
tri_chord,32,131,sign,0,11,93743
tri_chord,32,131,sign,0,12,91320
tri_chord,32,131,sign,0,13,91337
tri_chord,32,131,sign,0,14,89497
tri_chord,32,131,sign,0,15,91315
tri_chord,32,131,sign,0,16,91379
tri_chord,32,131,sign,0,17,91288
tri_chord,32,131,sign,0,18,91172
tri_chord,32,131,sign,0,19,91021
tri_chord,32,131,sign,0,20,91305
tri_chord,32,131,sign,0,21,91135
tri_chord,32,131,sign,0,22,95163
tri_chord,32,131,sign,0,23,91480
tri_chord,32,131,sign,0,24,91221
tri_chord,32,131,sign,0,25,91384
tri_chord,32,131,sign,0,26,91284
tri_chord,32,131,sign,0,27,89482
tri_chord,32,131,sign,0,28,91255
tri_chord,32,131,sign,0,29,91276
tri_chord,32,131,sign,0,30,91148
tri_chord,32,131,sign,0,31,91134
tri_chord,32,131,sign,0,32,91215
tri_chord,32,131,sign,0,33,92930
tri_chord,32,131,sign,0,34,91281
tri_chord,32,131,sign,0,35,91138
tri_chord,32,131,sign,0,36,91244
tri_chord,32,131,sign,0,37,91420
tri_chord,32,131,sign,0,38,91072
tri_chord,32,131,sign,0,39,89730
tri_chord,32,131,sign,1,0,91321
tri_chord,32,131,sign,1,1,91063
tri_chord,32,131,sign,1,2,91315
tri_chord,32,131,sign,1,3,91321
tri_chord,32,131,sign,1,4,91269
tri_chord,32,131,sign,1,5,91094
tri_chord,32,131,sign,1,6,91259
tri_chord,32,131,sign,1,7,89400
tri_chord,32,131,sign,1,8,91312
tri_chord,32,131,sign,1,9,92731
tri_chord,32,131,sign,1,10,91392
tri_chord,32,131,sign,1,11,91310
tri_chord,32,131,sign,1,12,91248
tri_chord,32,131,sign,1,13,91285
tri_chord,32,131,sign,1,14,91179
tri_chord,32,131,sign,1,15,91207
tri_chord,32,131,sign,1,16,91195
tri_chord,32,131,sign,1,17,91305
tri_chord,32,131,sign,1,18,91308
tri_chord,32,131,sign,1,19,89502
tri_chord,32,131,sign,1,20,92658
tri_chord,32,131,sign,1,21,91340
tri_chord,32,131,sign,1,22,90991
tri_chord,32,131,sign,1,23,91302
tri_chord,32,131,sign,1,24,91004
tri_chord,32,131,sign,1,25,91019
tri_chord,32,131,sign,1,26,91127
tri_chord,32,131,sign,1,27,91193
tri_chord,32,131,sign,1,28,91229
tri_chord,32,131,sign,1,29,91373
tri_chord,32,131,sign,1,30,91041
tri_chord,32,131,sign,1,31,92702
tri_chord,32,131,sign,1,32,89349
tri_chord,32,131,sign,1,33,91172
tri_chord,32,131,sign,1,34,91177
tri_chord,32,131,sign,1,35,91140
tri_chord,32,131,sign,1,36,91163
tri_chord,32,131,sign,1,37,91159
tri_chord,32,131,sign,1,38,91367
tri_chord,32,131,sign,1,39,91018
tri_chord,32,131,sign,2,0,91270
tri_chord,32,131,sign,2,1,91429
tri_chord,32,131,sign,2,2,91421
tri_chord,32,131,sign,2,3,91296
tri_chord,32,131,sign,2,4,91047
tri_chord,32,131,sign,2,5,91417
tri_chord,32,131,sign,2,6,91450
tri_chord,32,131,sign,2,7,91147
tri_chord,32,131,sign,2,8,92701
tri_chord,32,131,sign,2,9,91381
tri_chord,32,131,sign,2,10,91200
tri_chord,32,131,sign,2,11,89471
tri_chord,32,131,sign,2,12,91083
tri_chord,32,131,sign,2,13,91135
tri_chord,32,131,sign,2,14,91253
tri_chord,32,131,sign,2,15,91307
tri_chord,32,131,sign,2,16,91211
tri_chord,32,131,sign,2,17,91294
tri_chord,32,131,sign,2,18,91208
tri_chord,32,131,sign,2,19,92715
tri_chord,32,131,sign,2,20,91585
tri_chord,32,131,sign,2,21,91251
tri_chord,32,131,sign,2,22,91360
tri_chord,32,131,sign,2,23,91216
tri_chord,32,131,sign,2,24,89356
tri_chord,32,131,sign,2,25,91084
tri_chord,32,131,sign,2,26,91197
tri_chord,32,131,sign,2,27,91170
tri_chord,32,131,sign,2,28,91271
tri_chord,32,131,sign,2,29,91304
tri_chord,32,131,sign,2,30,92959
tri_chord,32,131,sign,2,31,91327
tri_chord,32,131,sign,2,32,91094
tri_chord,32,131,sign,2,33,91121
tri_chord,32,131,sign,2,34,91087
tri_chord,32,131,sign,2,35,91383
tri_chord,32,131,sign,2,36,89274
tri_chord,32,131,sign,2,37,93807
tri_chord,32,131,sign,2,38,95246
tri_chord,32,131,sign,2,39,91370
tri_chord,32,131,verify,0,0,28195
tri_chord,32,131,verify,0,1,28346
tri_chord,32,131,verify,0,2,28354
tri_chord,32,131,verify,0,3,28319
tri_chord,32,131,verify,0,4,28281
tri_chord,32,131,verify,0,5,28237
tri_chord,32,131,verify,0,6,28232
tri_chord,32,131,verify,0,7,28213
tri_chord,32,131,verify,0,8,28241
tri_chord,32,131,verify,0,9,28281
tri_chord,32,131,verify,0,10,30973
tri_chord,32,131,verify,0,11,28278
tri_chord,32,131,verify,0,12,28239
tri_chord,32,131,verify,0,13,28306
tri_chord,32,131,verify,0,14,28202
tri_chord,32,131,verify,0,15,28278
tri_chord,32,131,verify,0,16,28261
tri_chord,32,131,verify,0,17,28300
tri_chord,32,131,verify,0,18,28223
tri_chord,32,131,verify,0,19,28260
tri_chord,32,131,verify,0,20,28149
tri_chord,32,131,verify,0,21,28231
tri_chord,32,131,verify,0,22,28164
tri_chord,32,131,verify,0,23,28182
tri_chord,32,131,verify,0,24,28180
tri_chord,32,131,verify,0,25,28309
tri_chord,32,131,verify,0,26,28372
tri_chord,32,131,verify,0,27,28203
tri_chord,32,131,verify,0,28,28214
tri_chord,32,131,verify,0,29,28164
tri_chord,32,131,verify,0,30,28250
tri_chord,32,131,verify,0,31,28211
tri_chord,32,131,verify,0,32,28155
tri_chord,32,131,verify,0,33,28223
tri_chord,32,131,verify,0,34,28257
tri_chord,32,131,verify,0,35,28230
tri_chord,32,131,verify,0,36,28219
tri_chord,32,131,verify,0,37,28191
tri_chord,32,131,verify,0,38,28241
tri_chord,32,131,verify,0,39,28204
tri_chord,32,131,verify,1,0,28210
tri_chord,32,131,verify,1,1,28399
tri_chord,32,131,verify,1,2,28205
tri_chord,32,131,verify,1,3,28213
tri_chord,32,131,verify,1,4,28232
tri_chord,32,131,verify,1,5,28248
tri_chord,32,131,verify,1,6,28236
tri_chord,32,131,verify,1,7,28248
tri_chord,32,131,verify,1,8,28248
tri_chord,32,131,verify,1,9,28221
tri_chord,32,131,verify,1,10,28244
tri_chord,32,131,verify,1,11,28263
tri_chord,32,131,verify,1,12,29806
tri_chord,32,131,verify,1,13,28230
tri_chord,32,131,verify,1,14,28255
tri_chord,32,131,verify,1,15,28231
tri_chord,32,131,verify,1,16,28300
tri_chord,32,131,verify,1,17,28252
tri_chord,32,131,verify,1,18,28298
tri_chord,32,131,verify,1,19,28277
tri_chord,32,131,verify,1,20,28239
tri_chord,32,131,verify,1,21,28321
tri_chord,32,131,verify,1,22,28188
tri_chord,32,131,verify,1,23,28226
tri_chord,32,131,verify,1,24,28291
tri_chord,32,131,verify,1,25,28173
tri_chord,32,131,verify,1,26,28200
tri_chord,32,131,verify,1,27,28214
tri_chord,32,131,verify,1,28,28216
tri_chord,32,131,verify,1,29,28222
tri_chord,32,131,verify,1,30,28204
tri_chord,32,131,verify,1,31,28309
tri_chord,32,131,verify,1,32,28260
tri_chord,32,131,verify,1,33,28204
tri_chord,32,131,verify,1,34,28230
tri_chord,32,131,verify,1,35,28163
tri_chord,32,131,verify,1,36,28199
tri_chord,32,131,verify,1,37,28272
tri_chord,32,131,verify,1,38,28253
tri_chord,32,131,verify,1,39,28251
tri_chord,32,131,verify,2,0,28141
tri_chord,32,131,verify,2,1,28274
tri_chord,32,131,verify,2,2,28303
tri_chord,32,131,verify,2,3,28394
tri_chord,32,131,verify,2,4,28280
tri_chord,32,131,verify,2,5,28308
tri_chord,32,131,verify,2,6,28367
tri_chord,32,131,verify,2,7,28189
tri_chord,32,131,verify,2,8,28244
tri_chord,32,131,verify,2,9,28253
tri_chord,32,131,verify,2,10,28220
tri_chord,32,131,verify,2,11,28188
tri_chord,32,131,verify,2,12,28224
tri_chord,32,131,verify,2,13,28212
tri_chord,32,131,verify,2,14,29457
tri_chord,32,131,verify,2,15,28268
tri_chord,32,131,verify,2,16,28188
tri_chord,32,131,verify,2,17,28213
tri_chord,32,131,verify,2,18,28239
tri_chord,32,131,verify,2,19,28271
tri_chord,32,131,verify,2,20,28221
tri_chord,32,131,verify,2,21,28298
tri_chord,32,131,verify,2,22,28179
tri_chord,32,131,verify,2,23,28239
tri_chord,32,131,verify,2,24,28224
tri_chord,32,131,verify,2,25,28186
tri_chord,32,131,verify,2,26,28216
tri_chord,32,131,verify,2,27,28149
tri_chord,32,131,verify,2,28,28217
tri_chord,32,131,verify,2,29,28184
tri_chord,32,131,verify,2,30,28274
tri_chord,32,131,verify,2,31,28253
tri_chord,32,131,verify,2,32,28177
tri_chord,32,131,verify,2,33,28355
tri_chord,32,131,verify,2,34,28167
tri_chord,32,131,verify,2,35,28238
tri_chord,32,131,verify,2,36,28251
tri_chord,32,131,verify,2,37,28215
tri_chord,32,131,verify,2,38,28166
tri_chord,32,131,verify,2,39,28247
tri_chord,48,389,keygen,0,0,16644582
tri_chord,48,389,keygen,0,1,16864013
tri_chord,48,389,keygen,0,2,16745389
tri_chord,48,389,keygen,0,3,16676319
tri_chord,48,389,keygen,0,4,16651766
tri_chord,48,389,keygen,0,5,16645556
tri_chord,48,389,keygen,0,6,16690786
tri_chord,48,389,keygen,0,7,16824575
tri_chord,48,389,keygen,0,8,16824987
tri_chord,48,389,keygen,0,9,16876197
tri_chord,48,389,keygen,0,10,16750839
tri_chord,48,389,keygen,0,11,16689090
tri_chord,48,389,keygen,0,12,16635170
tri_chord,48,389,keygen,0,13,16653051
tri_chord,48,389,keygen,0,14,16688298
tri_chord,48,389,keygen,0,15,16837246
tri_chord,48,389,keygen,0,16,16699902
tri_chord,48,389,keygen,0,17,16815235
tri_chord,48,389,keygen,0,18,16814452
tri_chord,48,389,keygen,0,19,16807523
tri_chord,48,389,keygen,1,0,16757272
tri_chord,48,389,keygen,1,1,16974415
tri_chord,48,389,keygen,1,2,16783297
tri_chord,48,389,keygen,1,3,16820319
tri_chord,48,389,keygen,1,4,16677978
tri_chord,48,389,keygen,1,5,16667856
tri_chord,48,389,keygen,1,6,16767441
tri_chord,48,389,keygen,1,7,17386125
tri_chord,48,389,keygen,1,8,16793282
tri_chord,48,389,keygen,1,9,16957060
tri_chord,48,389,keygen,1,10,16809926
tri_chord,48,389,keygen,1,11,16792656
tri_chord,48,389,keygen,1,12,16690816
tri_chord,48,389,keygen,1,13,16700939
tri_chord,48,389,keygen,1,14,17005487
tri_chord,48,389,keygen,1,15,16761291
tri_chord,48,389,keygen,1,16,16802918
tri_chord,48,389,keygen,1,17,16835199
tri_chord,48,389,keygen,1,18,16763310
tri_chord,48,389,keygen,1,19,16713585
tri_chord,48,389,keygen,2,0,16714583
tri_chord,48,389,keygen,2,1,16993927
tri_chord,48,389,keygen,2,2,16863364
tri_chord,48,389,keygen,2,3,17270856
tri_chord,48,389,keygen,2,4,17617843
tri_chord,48,389,keygen,2,5,17560118
tri_chord,48,389,keygen,2,6,16708876
tri_chord,48,389,keygen,2,7,16678354
tri_chord,48,389,keygen,2,8,16813438
tri_chord,48,389,keygen,2,9,16865588
tri_chord,48,389,keygen,2,10,16811709
tri_chord,48,389,keygen,2,11,16874718
tri_chord,48,389,keygen,2,12,17001512
tri_chord,48,389,keygen,2,13,17034704
tri_chord,48,389,keygen,2,14,17490627
tri_chord,48,389,keygen,2,15,17313727
tri_chord,48,389,keygen,2,16,17245375
tri_chord,48,389,keygen,2,17,17115507
tri_chord,48,389,keygen,2,18,17128561
tri_chord,48,389,keygen,2,19,17172900
tri_chord,48,389,sign,0,0,187609
tri_chord,48,389,sign,0,1,187820
tri_chord,48,389,sign,0,2,189110
tri_chord,48,389,sign,0,3,188037
tri_chord,48,389,sign,0,4,194991
tri_chord,48,389,sign,0,5,191195
tri_chord,48,389,sign,0,6,187170
tri_chord,48,389,sign,0,7,188758
tri_chord,48,389,sign,0,8,187064
tri_chord,48,389,sign,0,9,191787
tri_chord,48,389,sign,0,10,186853
tri_chord,48,389,sign,0,11,186893
tri_chord,48,389,sign,0,12,189162
tri_chord,48,389,sign,0,13,186895
tri_chord,48,389,sign,0,14,186975
tri_chord,48,389,sign,0,15,190523
tri_chord,48,389,sign,0,16,186988
tri_chord,48,389,sign,0,17,188622
tri_chord,48,389,sign,0,18,186939
tri_chord,48,389,sign,0,19,187242
tri_chord,48,389,sign,0,20,190292
tri_chord,48,389,sign,0,21,186873
tri_chord,48,389,sign,0,22,188593
tri_chord,48,389,sign,0,23,186946
tri_chord,48,389,sign,0,24,186773
tri_chord,48,389,sign,0,25,191752
tri_chord,48,389,sign,0,26,187118
tri_chord,48,389,sign,0,27,188760
tri_chord,48,389,sign,0,28,186771
tri_chord,48,389,sign,0,29,186788
tri_chord,48,389,sign,0,30,190747
tri_chord,48,389,sign,0,31,186726
tri_chord,48,389,sign,0,32,188419
tri_chord,48,389,sign,0,33,186834
tri_chord,48,389,sign,0,34,186911
tri_chord,48,389,sign,0,35,188597
tri_chord,48,389,sign,0,36,188328
tri_chord,48,389,sign,0,37,188620
tri_chord,48,389,sign,0,38,186843
tri_chord,48,389,sign,0,39,186909
tri_chord,48,389,sign,1,0,188851
tri_chord,48,389,sign,1,1,200548
tri_chord,48,389,sign,1,2,181927
tri_chord,48,389,sign,1,3,204430
tri_chord,48,389,sign,1,4,184226
tri_chord,48,389,sign,1,5,183913
tri_chord,48,389,sign,1,6,182302
tri_chord,48,389,sign,1,7,185954
tri_chord,48,389,sign,1,8,186088
tri_chord,48,389,sign,1,9,185495
tri_chord,48,389,sign,1,10,190149
tri_chord,48,389,sign,1,11,189985
tri_chord,48,389,sign,1,12,194651
tri_chord,48,389,sign,1,13,189228
tri_chord,48,389,sign,1,14,187243
tri_chord,48,389,sign,1,15,188890
tri_chord,48,389,sign,1,16,191936
tri_chord,48,389,sign,1,17,198171
tri_chord,48,389,sign,1,18,188727
tri_chord,48,389,sign,1,19,189631
tri_chord,48,389,sign,1,20,187303
tri_chord,48,389,sign,1,21,195841
tri_chord,48,389,sign,1,22,204215
tri_chord,48,389,sign,1,23,186931
tri_chord,48,389,sign,1,24,181879
tri_chord,48,389,sign,1,25,182295
tri_chord,48,389,sign,1,26,184665
tri_chord,48,389,sign,1,27,182975
tri_chord,48,389,sign,1,28,189446
tri_chord,48,389,sign,1,29,181834
tri_chord,48,389,sign,1,30,182087
tri_chord,48,389,sign,1,31,183688
tri_chord,48,389,sign,1,32,181797
tri_chord,48,389,sign,1,33,185710
tri_chord,48,389,sign,1,34,181951
tri_chord,48,389,sign,1,35,181802
tri_chord,48,389,sign,1,36,184479
tri_chord,48,389,sign,1,37,182788
tri_chord,48,389,sign,1,38,187093
tri_chord,48,389,sign,1,39,182744
tri_chord,48,389,sign,2,0,187990
tri_chord,48,389,sign,2,1,213400
tri_chord,48,389,sign,2,2,211125
tri_chord,48,389,sign,2,3,212752
tri_chord,48,389,sign,2,4,189551
tri_chord,48,389,sign,2,5,182380
tri_chord,48,389,sign,2,6,184228
tri_chord,48,389,sign,2,7,183679
tri_chord,48,389,sign,2,8,181844
tri_chord,48,389,sign,2,9,186866
tri_chord,48,389,sign,2,10,182187
tri_chord,48,389,sign,2,11,183625
tri_chord,48,389,sign,2,12,181800
tri_chord,48,389,sign,2,13,181980
tri_chord,48,389,sign,2,14,183994
tri_chord,48,389,sign,2,15,182211
tri_chord,48,389,sign,2,16,183668
tri_chord,48,389,sign,2,17,181922
tri_chord,48,389,sign,2,18,181923
tri_chord,48,389,sign,2,19,183702
tri_chord,48,389,sign,2,20,185298
tri_chord,48,389,sign,2,21,183724
tri_chord,48,389,sign,2,22,181875
tri_chord,48,389,sign,2,23,182026
tri_chord,48,389,sign,2,24,183606
tri_chord,48,389,sign,2,25,185204
tri_chord,48,389,sign,2,26,183765
tri_chord,48,389,sign,2,27,182076
tri_chord,48,389,sign,2,28,181713
tri_chord,48,389,sign,2,29,183636
tri_chord,48,389,sign,2,30,181864
tri_chord,48,389,sign,2,31,183745
tri_chord,48,389,sign,2,32,183849
tri_chord,48,389,sign,2,33,181639
tri_chord,48,389,sign,2,34,183959
tri_chord,48,389,sign,2,35,181710
tri_chord,48,389,sign,2,36,183632
tri_chord,48,389,sign,2,37,183858
tri_chord,48,389,sign,2,38,181886
tri_chord,48,389,sign,2,39,183393
tri_chord,48,389,verify,0,0,47696
tri_chord,48,389,verify,0,1,47713
tri_chord,48,389,verify,0,2,47677
tri_chord,48,389,verify,0,3,47668
tri_chord,48,389,verify,0,4,47609
tri_chord,48,389,verify,0,5,47698
tri_chord,48,389,verify,0,6,47658
tri_chord,48,389,verify,0,7,47701
tri_chord,48,389,verify,0,8,47680
tri_chord,48,389,verify,0,9,47669
tri_chord,48,389,verify,0,10,47741
tri_chord,48,389,verify,0,11,47607
tri_chord,48,389,verify,0,12,47641
tri_chord,48,389,verify,0,13,47717
tri_chord,48,389,verify,0,14,47658
tri_chord,48,389,verify,0,15,47680
tri_chord,48,389,verify,0,16,47701
tri_chord,48,389,verify,0,17,49009
tri_chord,48,389,verify,0,18,47745
tri_chord,48,389,verify,0,19,47803
tri_chord,48,389,verify,0,20,47658
tri_chord,48,389,verify,0,21,47707
tri_chord,48,389,verify,0,22,47732
tri_chord,48,389,verify,0,23,47778
tri_chord,48,389,verify,0,24,47651
tri_chord,48,389,verify,0,25,47655
tri_chord,48,389,verify,0,26,47733
tri_chord,48,389,verify,0,27,47656
tri_chord,48,389,verify,0,28,47729
tri_chord,48,389,verify,0,29,47750
tri_chord,48,389,verify,0,30,47611
tri_chord,48,389,verify,0,31,47583
tri_chord,48,389,verify,0,32,47598
tri_chord,48,389,verify,0,33,47686
tri_chord,48,389,verify,0,34,47617
tri_chord,48,389,verify,0,35,47730
tri_chord,48,389,verify,0,36,47658
tri_chord,48,389,verify,0,37,47581
tri_chord,48,389,verify,0,38,49085
tri_chord,48,389,verify,0,39,47724
tri_chord,48,389,verify,1,0,47723
tri_chord,48,389,verify,1,1,47702
tri_chord,48,389,verify,1,2,47724
tri_chord,48,389,verify,1,3,47730
tri_chord,48,389,verify,1,4,47666
tri_chord,48,389,verify,1,5,49171
tri_chord,48,389,verify,1,6,47858
tri_chord,48,389,verify,1,7,47676
tri_chord,48,389,verify,1,8,47679
tri_chord,48,389,verify,1,9,47742
tri_chord,48,389,verify,1,10,47640
tri_chord,48,389,verify,1,11,47635
tri_chord,48,389,verify,1,12,47550
tri_chord,48,389,verify,1,13,47693
tri_chord,48,389,verify,1,14,47680
tri_chord,48,389,verify,1,15,47826
tri_chord,48,389,verify,1,16,47691
tri_chord,48,389,verify,1,17,47687
tri_chord,48,389,verify,1,18,47668
tri_chord,48,389,verify,1,19,47749
tri_chord,48,389,verify,1,20,47801
tri_chord,48,389,verify,1,21,47633
tri_chord,48,389,verify,1,22,47814
tri_chord,48,389,verify,1,23,47611
tri_chord,48,389,verify,1,24,47640
tri_chord,48,389,verify,1,25,47651
tri_chord,48,389,verify,1,26,49272
tri_chord,48,389,verify,1,27,47772
tri_chord,48,389,verify,1,28,47578
tri_chord,48,389,verify,1,29,47849
tri_chord,48,389,verify,1,30,47705
tri_chord,48,389,verify,1,31,47698
tri_chord,48,389,verify,1,32,47617
tri_chord,48,389,verify,1,33,47819
tri_chord,48,389,verify,1,34,47625
tri_chord,48,389,verify,1,35,47654
tri_chord,48,389,verify,1,36,47617
tri_chord,48,389,verify,1,37,47804
tri_chord,48,389,verify,1,38,47780
tri_chord,48,389,verify,1,39,47698
tri_chord,48,389,verify,2,0,47628
tri_chord,48,389,verify,2,1,47658
tri_chord,48,389,verify,2,2,47713
tri_chord,48,389,verify,2,3,47650
tri_chord,48,389,verify,2,4,47651
tri_chord,48,389,verify,2,5,47722
tri_chord,48,389,verify,2,6,47617
tri_chord,48,389,verify,2,7,47721
tri_chord,48,389,verify,2,8,47612
tri_chord,48,389,verify,2,9,47620
tri_chord,48,389,verify,2,10,47617
tri_chord,48,389,verify,2,11,47791
tri_chord,48,389,verify,2,12,47618
tri_chord,48,389,verify,2,13,47619
tri_chord,48,389,verify,2,14,47775
tri_chord,48,389,verify,2,15,47661
tri_chord,48,389,verify,2,16,49304
tri_chord,48,389,verify,2,17,47780
tri_chord,48,389,verify,2,18,47703
tri_chord,48,389,verify,2,19,47712
tri_chord,48,389,verify,2,20,47710
tri_chord,48,389,verify,2,21,47685
tri_chord,48,389,verify,2,22,47677
tri_chord,48,389,verify,2,23,47680
tri_chord,48,389,verify,2,24,47695
tri_chord,48,389,verify,2,25,47608
tri_chord,48,389,verify,2,26,47662
tri_chord,48,389,verify,2,27,47654
tri_chord,48,389,verify,2,28,47680
tri_chord,48,389,verify,2,29,47759
tri_chord,48,389,verify,2,30,47681
tri_chord,48,389,verify,2,31,47637
tri_chord,48,389,verify,2,32,47661
tri_chord,48,389,verify,2,33,47622
tri_chord,48,389,verify,2,34,47691
tri_chord,48,389,verify,2,35,47704
tri_chord,48,389,verify,2,36,49062
tri_chord,48,389,verify,2,37,47731
tri_chord,48,389,verify,2,38,47658
tri_chord,48,389,verify,2,39,47603
